id,host,defect,natoms,formula,ispin,nedos,nsw,n_ionic_steps,converged_electronic,converged_ionic,efermi,emin_data,emax_data,window_covers,n_pdos,ymin,ymax,y_finite,has_outcar,reached_accuracy,mag_abs_sum,mag_max_abs,in_old,identical_to_old,dup_within_new,md5
cose2_Fe_adatom,cose2,Fe_adatom,49,Fe1Co16Se32,2,3000,0,1,False,True,-2.31579706,-18.83520294,9.40649706,False,49,0.0,8.109199999999998,True,True,False,35.10799999999999,3.465,True,True,False,60e098d3610fa208890f9a62f265cce7
cose2_Fe_doped,cose2,Fe_doped,48,Fe1Co15Se32,2,3000,0,1,False,True,-2.31067156,-18.60242844,9.08507156,False,48,0.0,7.0565,True,True,False,26.541000000000004,2.792,True,True,False,32bd227bcb05f61feb8b4593d417cc99
cose2_Ni_adatom,cose2,Ni_adatom,49,Co16Ni1Se32,2,3000,0,1,True,True,-2.39709001,-18.71790999,9.45499001,False,49,0.0,8.3825,True,False,,,,True,True,False,f927dc280303979f900bcb926193d772
cose2_Ni_doped,cose2,Ni_doped,48,Co15Ni1Se32,2,3000,0,1,False,True,-2.3674873,-18.4976127,9.5884873,False,48,0.0,5.6279,True,True,False,30.246000000000002,1.732,True,True,False,e2f2e4cbaa4bb13edebc19e445a47123
cose2_Vacancy-Anion-03,cose2,Vacancy-Anion-03,47,Co16Se31,2,3000,0,1,True,True,-2.61329685,-18.724003149999998,9.37469685,False,47,0.0,7.6398,True,True,False,27.384,1.713,True,False,False,57ac12dbb618879b784cc883a68b2d1f
cose2_Vacancy-Anion-06A,cose2,Vacancy-Anion-06A,46,Co16Se30,2,3000,0,1,True,True,-2.8097992,-18.706000799999998,9.6439992,False,46,0.0,6.609,True,True,False,23.808,1.691,False,,False,d43fa34a743d2e3670e5f5a9c4f7f801
cose2_Vacancy-Anion-06B,cose2,Vacancy-Anion-06B,46,Co16Se30,2,3000,0,1,True,True,-2.62665197,-18.427248029999998,9.37635197,False,46,0.0,7.433299999999999,True,True,False,25.322000000000003,2.108,False,,False,88f4f0df576de7f64d5239f2c54cc417
cose2_Vacancy-Anion-09A,cose2,Vacancy-Anion-09A,45,Co16Se29,2,3000,0,1,True,True,-3.02207754,-18.425022459999997,9.37797754,False,45,0.0,6.7743,True,True,False,22.456999999999997,1.828,True,False,False,298941c211e7495be2b4be6a7f6aa64b
cose2_Vacancy-Anion-09B,cose2,Vacancy-Anion-09B,45,Co16Se29,2,3000,0,1,False,True,-3.07859601,-18.02260399,10.021896009999999,True,45,0.0,20.0539,True,True,False,23.275000000000002,2.382,True,True,False,4af985278c21c3af1badbe1093a7bf04
cose2_Vacancy-Metal,cose2,Vacancy-Metal,47,Co15Se32,2,3000,0,1,True,True,-2.42290376,-18.55109624,9.26930376,False,47,0.0,4.135599999999999,True,True,False,28.745999999999995,1.726,True,False,False,53ca99b708b8cb20eb3fc580daa7f955
cro2_Anti-Anion,cro2,Anti-Anion,48,Cr15O33,2,3000,0,1,True,True,-6.30815968,-24.90744032,14.017759680000001,True,48,0.0,8.8383,True,True,False,19.883,1.827,True,False,False,11513f3b27e99113bbf36bbdc7d35707
cro2_Anti-Metal,cro2,Anti-Metal,48,Cr17O31,2,3000,0,1,True,True,-5.29964391,-23.93935609,12.652943910000001,True,48,0.0,18.067,True,True,False,33.185,4.059,True,False,False,694d94a081acadd1889fd7e3056bb3a0
cro2_Cr_adatom,cro2,Cr_adatom,49,Cr17O32,2,3000,0,1,True,True,-4.79460612,-24.25429388,12.668906119999999,True,49,0.0,14.524999999999999,True,True,False,23.785999999999998,1.127,True,True,False,20267c65d984f9945a81a7d8a33f5286
cro2_Defect-Free,cro2,Defect-Free,48,Cr16O32,2,3000,0,1,True,True,-5.77948218,-24.23601782,14.52868218,True,48,0.0,5.068,True,True,False,0.0,0.0,True,True,False,7c975e7667fd0a4544facc779219e8a2
cro2_Int-Anion,cro2,Int-Anion,49,Cr16O33,2,3000,0,1,True,True,-6.1671947,-23.8127053,14.6648947,True,49,0.0,16.0385,True,True,False,26.945999999999998,1.868,True,False,False,862f5c047892197cb76589f9a0d942ec
cro2_Int-Metal,cro2,Int-Metal,49,Cr17O32,2,3000,0,1,True,True,-4.99753454,-24.06696546,13.23373454,True,49,0.0,9.023,True,True,False,27.624999999999996,3.756,True,False,False,33bad68851080a9e2ca921e1fca149d6
cro2_Vacancy-Anion-03,cro2,Vacancy-Anion-03,47,Cr16O31,2,3000,0,1,True,True,-5.77839527,-24.11020473,13.41259527,True,47,0.0,12.5838,True,True,False,27.440000000000012,2.286,True,False,False,3b3d194bf6a0e4738c8341e5966e83e7
cro2_Vacancy-Metal,cro2,Vacancy-Metal,47,Cr15O32,2,3000,0,1,True,True,-6.2143102,-24.0238898,14.0160102,True,47,0.0,5.6822,True,True,False,21.018000000000004,1.539,True,False,False,57457462983365a0f0cf4a71ac3b2d45
crse2_Adatom-Li,crse2,Adatom-Li,49,Li1Cr16Se32,2,3000,0,1,True,True,-3.66804449,-16.42455551,9.41034449,False,49,0.0,3.5321999999999996,True,True,False,58.483,3.131,False,,False,cf8108df87edde3378ff25d0c8f4f275
crse2_Anti-Anion,crse2,Anti-Anion,48,Cr15Se33,2,3000,0,1,True,True,-3.67036096,-18.50573904,9.331560960000001,False,48,0.0,5.5362,True,True,False,55.383,3.065,False,,False,cfe894fd8fd522cb04885fbbc309394e
crse2_Anti-Metal,crse2,Anti-Metal,48,Cr17Se31,2,3000,0,1,True,True,-3.64385411,-16.57944589,9.10325411,False,48,0.0,5.867600000000001,True,True,False,63.421,4.287,False,,False,0692fefd9116ac16ffb08dc6d5234ed5
crse2_Defect-Free,crse2,Defect-Free,48,Cr16Se32,2,3000,0,1,True,True,-4.04757296,-16.26982704,9.69157296,False,48,0.0,3.6334,True,True,False,59.10399999999999,3.094,False,,False,db1d6e82f24928d106d5ad5d58ba6eca
crse2_Doped-Li,crse2,Doped-Li,48,Li1Cr15Se32,2,3000,0,1,True,True,-3.90947748,-16.41882252,9.381477480000001,False,48,0.0,3.0474,True,True,False,56.113,3.059,True,True,False,8943a09990895ed88c1212dc3514b7ac
crse2_Ti_adatom,crse2,Ti_adatom,49,Ti1Cr16Se32,2,3000,0,1,True,True,-3.62970207,-16.40559793,9.35380207,False,49,0.0,8.282300000000001,True,False,,,,True,True,False,49f3d3e77363ce9fb8a91c9be4447f43
crse2_Ti_doped,crse2,Ti_doped,48,Ti1Cr15Se32,2,3000,0,1,True,True,-3.97301207,-16.352687930000002,10.55501207,True,48,0.0,8.6115,True,True,False,55.223,3.114,True,True,False,0fbcd606f3a4019d52cf10b5bc8c3f8f
crse2_V_adatom,crse2,V_adatom,49,V1Cr16Se32,2,3000,0,1,True,True,-3.49996973,-17.98673027,41.010369729999994,True,49,0.0,7.1156,True,True,False,61.17,3.191,True,True,False,9f3d4bd8e7a71a46e6234f000a9943c7
crse2_V_doped,crse2,V_doped,48,V1Cr15Se32,2,3000,0,1,True,True,-3.85496046,-16.449139539999997,9.42936046,False,48,0.0,8.558,True,True,False,56.833,3.108,False,,False,75be169470cee4a23368700d3776a2cb
crse2_Vacancy-Anion-03,crse2,Vacancy-Anion-03,47,Cr16Se31,2,3000,0,1,True,True,-3.79637077,-16.49672923,9.34357077,False,47,0.0,4.007099999999999,True,True,False,59.457,3.133,True,True,False,47510ffa8281b57bbd03b03e959a0ffb
crse2_Vacancy-Metal,crse2,Vacancy-Metal,47,Cr15Se32,2,3000,0,1,True,True,-3.74188255,-16.66561745,9.31918255,False,47,0.0,3.0432,True,True,False,57.53799999999999,3.044,True,True,False,0c05b9e448685293debdf08eec254a2c
crte2_Adatom-Li,crte2,Adatom-Li,49,Li1Cr16Te32,2,3000,0,1,True,True,-2.27390674,-14.58089326,8.32490674,False,49,0.0,4.0558,True,False,,,,True,True,False,40883df2d862e08bafba63316f4ff992
crte2_Anti-Anion,crte2,Anti-Anion,48,Cr15Te33,2,3000,0,1,True,True,-2.33114196,-15.724458039999998,8.45464196,False,48,0.0,5.2923,True,False,,,,True,True,False,7d28a06914262dab8bb3fd3baaafce13
crte2_Anti-Metal,crte2,Anti-Metal,48,Cr17Te31,2,3000,0,1,True,True,-2.4509173,-14.5028827,8.3705173,False,48,0.0,9.3801,True,False,,,,True,True,False,4d5b72386a0efe4edfedd9f0509bd7a5
crte2_Cr_adatom,crte2,Cr_adatom,49,Cr17Te32,2,3000,0,1,True,True,-2.26406111,-14.601238890000001,8.23806111,False,49,0.0,3.5082000000000004,True,False,,,,True,True,False,9812044019ed690e41a22b3c2e0e04a2
crte2_Defect-Free,crte2,Defect-Free,48,Cr16Te32,2,3000,0,1,True,True,-2.63093665,-14.392363349999998,8.73893665,False,48,0.0,4.6131,True,False,,,,True,True,False,e89bb33fa4af3050662bd16720f3c48b
crte2_Int-Anion,crte2,Int-Anion,49,Cr16Te33,2,3000,0,1,True,True,-2.04850266,-15.71359734,8.29700266,False,49,0.0,8.471399999999997,True,True,False,61.69200000000001,3.442,True,False,False,69262db25cb687c077e36865336ac301
crte2_Int-Metal,crte2,Int-Metal,49,Cr17Te32,2,3000,0,1,True,True,-2.27971302,-14.637386980000002,8.24571302,False,49,0.0,5.522600000000001,True,True,False,61.879,3.336,True,False,False,21d66ddf896663a1ab15f823133b41ac
crte2_Ti_adatom,crte2,Ti_adatom,49,Ti1Cr16Te32,2,3000,0,1,True,True,-2.17381228,-14.654887720000001,8.07861228,False,49,0.0,5.6544,True,False,,,,True,True,False,24c56bb277c4e1bccadfe463b7bb27ca
crte2_V_adatom,crte2,V_adatom,49,V1Cr16Te32,2,3000,0,1,True,True,-2.17000052,-14.63339948,8.15090052,False,49,0.0,5.760999999999999,True,False,,,,True,True,False,815b87ad6dab0e1cd56b889602c459bf
crte2_Vacancy-Anion-03,crte2,Vacancy-Anion-03,47,Cr16Te31,2,3000,0,1,True,True,-2.46776064,-14.543739360000002,7.95216064,False,47,0.0,3.3526000000000002,True,False,,,,True,True,False,d27d359985dfc34406d25184b860b0a8
crte2_Vacancy-Metal,crte2,Vacancy-Metal,47,Cr15Te32,2,3000,0,1,True,True,-2.58632676,-14.426773240000001,8.21412676,False,47,0.0,3.8248999999999995,True,False,,,,True,True,False,a333016a1edb43616db46d96dee5a05c
cus2_Cu_adatom,cus2,Cu_adatom,49,Cu17S32,2,3000,0,1,True,True,-3.65318019,-19.065419809999998,11.12588019,True,49,0.0,15.721200000000001,True,True,False,6.335999999999999,0.594,True,True,False,87a3188f9fb4d4f15f219aec6e314406
cus2_Defect-Free,cus2,Defect-Free,48,Cu16S32,2,3000,0,1,True,True,-3.56390725,-17.37429275,11.29110725,True,48,0.0,10.449399999999999,True,True,False,0.0,0.0,True,True,False,b68bc110fe49ae2fca95e3db36e934c7
cus2_Int-Anion,cus2,Int-Anion,49,Cu16S33,2,3000,0,1,True,True,-3.2034529,-19.5713471,10.5817529,True,49,0.0,12.051100000000002,True,True,False,4.025,0.281,False,,False,041a12fe423674702274fecaaca26a11
cus2_Int-Metal,cus2,Int-Metal,49,Cu17S32,2,3000,0,1,True,True,-3.18369498,-19.070305020000003,10.28899498,True,49,0.0,11.3586,True,True,False,4.058,0.258,False,,False,6337e5024b61dea7d62d49d67b06a626
cus2_Vacancy-Anion-03,cus2,Vacancy-Anion-03,47,Cu16S31,2,3000,0,1,True,True,-3.34864277,-19.936657229999998,10.85274277,True,47,0.0,11.044,True,False,,,,True,True,False,fea4751a1198eaadb4b95f6880178ae3
cus2_Vacancy-Metal,cus2,Vacancy-Metal,47,Cu15S32,2,3000,0,1,True,True,-3.70767278,-20.28512722,10.90037278,True,47,0.0,7.0231,True,False,,,,True,True,False,f8a68804bd56718a61d34c1909a19c52
cuse2_Cu_adatom,cuse2,Cu_adatom,49,Cu17Se32,2,3000,0,1,True,True,-3.06857733,-18.82872267,10.29087733,True,49,0.0,12.996500000000001,True,True,False,1.14,0.11,True,True,False,cb37edea52aead18c85594ac86caf7c2
cuse2_Defect-Free,cuse2,Defect-Free,48,Cu16Se32,2,3000,0,1,True,True,-3.30998047,-17.31561953,10.88498047,True,48,0.0,7.529400000000001,True,True,False,15.519999999999998,0.352,True,False,False,7c375bb8285cbb8354a61dcb24bb8f76
cuse2_Int-Anion,cuse2,Int-Anion,49,Cu16Se33,2,3000,0,1,True,True,-2.88517085,-18.35052915,9.83937085,False,49,0.0,11.238099999999998,True,True,False,2.5200000000000005,0.211,False,,False,18af43727706c6dd40e7804f157527c4
cuse2_Int-Metal,cuse2,Int-Metal,49,Cu17Se32,2,3000,0,1,True,True,-2.90247193,-18.07032807,9.901771929999999,False,49,0.0,9.521899999999997,True,True,False,0.0,0.0,False,,False,b6f5e0d75e6cd9e8492d599530ef7a92
cuse2_Vacancy-Anion-03,cuse2,Vacancy-Anion-03,47,Cu16Se31,2,3000,0,1,True,True,-2.94755955,-18.79904045,10.39395955,True,47,0.0,20.0473,True,True,False,0.037000000000000005,0.002,True,True,False,93d3276193528ad84d84747688e5e37e
cuse2_Vacancy-Metal,cuse2,Vacancy-Metal,47,Cu15Se32,2,3000,0,1,True,True,-2.86382195,-18.75347805,9.63472195,False,47,0.0,9.7946,True,True,False,1.3039999999999998,0.09,True,True,False,b106b6c46e53cbebb4c3ac6e53b42c7f
feo2_Defect-Free,feo2,Defect-Free,48,Fe16O32,2,3000,0,1,True,True,-6.77769155,-23.334308449999998,15.76039155,True,48,0.0,4.960999999999999,True,True,False,36.767999999999994,2.14,True,True,False,fa92cb6cf90370f56c320bdf745bb6ef
feo2_Int-Anion,feo2,Int-Anion,49,Fe16O33,2,3000,0,1,True,True,-6.93253852,-24.195861479999998,15.52133852,True,49,0.0,5.9403,True,True,False,36.458000000000006,2.147,False,,False,f2b50141bf42244e054de9d8173fb810
feo2_Int-Metal,feo2,Int-Metal,49,Fe17O32,2,3000,0,1,True,True,-6.01958711,-23.86751289,14.32818711,True,49,0.0,5.125499999999999,True,True,False,40.902,3.436,False,,False,478b1b140e9dc43bf2e7d936f7bb8e7e
feo2_Vacancy-Anion-03,feo2,Vacancy-Anion-03,47,Fe16O31,2,3000,0,1,True,True,-6.39746274,-23.399537260000002,14.45116274,True,47,0.0,14.010299999999999,True,True,False,37.100999999999985,2.411,False,,False,c0d8503f152818cfa34e3fc054f6b235
feo2_Vacancy-Metal,feo2,Vacancy-Metal,47,Fe15O32,2,3000,0,1,True,True,-5.85376531,-24.15893469,15.69396531,True,47,0.0,4.883,True,True,False,37.248000000000005,2.443,True,True,False,f9892030fa0092b221885f8ccee433bc
fes2_Co_adatom,fes2,Co_adatom,49,Fe16Co1Se32,2,3000,0,1,True,True,-2.28073706,-19.48506294,9.16643706,False,49,0.0,7.0419,True,True,False,42.31699999999999,3.391,True,False,False,65b822b342e6b8be69bd34ae283d668e
fes2_Co_doped,fes2,Co_doped,48,Fe15Co1Se32,2,3000,0,1,True,True,-2.18598342,-19.76711658,9.22748342,False,48,0.0,7.6355,True,True,False,38.788,2.269,True,False,False,a6b8ea31601c2ac58337c9ea0f6cb9c4
fes2_Defect-Free,fes2,Defect-Free,48,Fe16Se32,2,3000,0,1,True,True,-2.11918018,-19.79401982,9.17158018,False,48,0.0,3.4138999999999995,True,True,False,44.879999999999995,2.433,True,False,False,361983313b7e7c92256260c6f93f0857
fes2_Fe_adatom,fes2,Fe_adatom,49,Fe1Co16Se32,2,3000,0,1,True,True,-2.31282744,-18.831272560000002,9.32872744,False,49,0.0,8.0515,True,True,False,35.037,3.467,True,False,False,1af87d66bf92c8acb83e2c58d8ef098a
fes2_Ni_adatom,fes2,Ni_adatom,49,Fe16Ni1Se32,2,3000,0,1,True,True,-2.18115838,-19.59054162,9.07315838,False,49,0.0,4.309599999999999,True,True,False,41.658,2.956,True,False,False,ebc8b6238850d2d478b12333632cdfd4
fes2_Ni_doped,fes2,Ni_doped,48,Fe15Ni1Se32,2,3000,0,1,True,True,-2.09883674,-20.57416326,9.17403674,False,48,0.0,4.7745,True,True,False,38.896,2.299,True,False,False,7f18414deb99d27f10eae335d7cc9107
fes2_Vacancy-Anion-03,fes2,Vacancy-Anion-03,47,Fe16Se31,2,3000,0,1,True,True,-2.38045499,-19.49944501,8.86515499,False,47,0.0,6.922899999999999,True,True,False,40.05500000000001,2.349,True,False,False,adfd8fc74c1a57cdbe9102105443f318
fes2_Vacancy-Anion-06A,fes2,Vacancy-Anion-06A,46,Fe16Se30,2,3000,0,1,True,True,-2.65326242,-21.10153758,9.31306242,False,46,0.0,7.1917,True,True,False,17.584,2.704,False,,False,b100e6fafcfbd011776f691fc476c4db
fes2_Vacancy-Anion-06B,fes2,Vacancy-Anion-06B,46,Fe16Se30,2,3000,0,1,True,True,-2.28356587,-21.47253413,8.90296587,False,46,0.0,4.636100000000001,True,True,False,35.781,2.538,False,,False,9c31b0ab817be0320260d4771474993b
fes2_Vacancy-Anion-09A,fes2,Vacancy-Anion-09A,45,Fe16Se29,2,3000,0,1,True,True,-2.80870816,-19.406591839999997,9.28870816,False,45,0.0,7.049900000000001,True,False,,,,True,True,False,bf39429b1c87d01f191dc2d787a47799
fes2_Vacancy-Anion-09B,fes2,Vacancy-Anion-09B,45,Fe16Se29,2,3000,0,1,True,True,-2.53125932,-20.07224068,8.75555932,False,45,0.0,12.577699999999998,True,True,False,39.463999999999984,2.591,True,True,False,1562879cb6cba9497c9abaf24916d651
fes2_Vacancy-Metal,fes2,Vacancy-Metal,47,Fe15Se32,2,3000,0,1,True,True,-2.42768288,-21.30121712,9.16748288,False,47,0.0,5.564300000000003,True,True,False,36.339999999999996,2.428,False,,False,782e3a546067b5ab54fbe360c0503ca2
ges2_Defect-Free,ges2,Defect-Free,48,Ge16S32,2,3000,0,1,True,True,-3.42958535,-18.22471465,10.28598535,True,48,0.0,1.7517999999999994,True,True,False,0.0,0.0,True,True,False,962a087c784d5e9a84d93215036d6692
ges2_Vacancy-Anion-03,ges2,Vacancy-Anion-03,47,Ge16S31,2,3000,0,1,True,True,-3.03201292,-18.48348708,9.76931292,False,47,0.0,5.6724,True,True,False,0.0,0.0,True,True,False,e9457db40c302d83f6eada3553bdf607
ges2_Vacancy-Metal,ges2,Vacancy-Metal,47,Ge15S32,2,3000,0,1,True,True,-3.82538948,-17.90361052,10.37028948,True,47,0.0,1.7066999999999999,True,True,False,0.986,0.124,False,,False,217311af0595e5729122d70a09a98a03
gete2_Defect-Free,gete2,Defect-Free,48,Ge16Te32,2,3000,0,1,True,True,-1.76675483,-15.56994517,7.51505483,False,48,0.0,1.729,True,False,,,,True,True,False,23e8cf5dca05bfe2a9fa62d633354e49
gete2_Vacancy-Anion-03,gete2,Vacancy-Anion-03,47,Ge16Te31,2,3000,0,1,True,True,-1.6134104,-15.7344896,8.1041104,False,47,0.0,3.5350000000000015,True,True,False,0.0,0.0,True,True,False,ebd5743ce2854b4b7955c7fcc82dab43
gete2_Vacancy-Metal,gete2,Vacancy-Metal,47,Ge15Te32,2,3000,0,1,True,True,-1.598704,-15.797096000000002,8.258004,False,47,0.0,3.6534000000000004,True,False,,,,True,True,False,b36077ded99d23e68af0bceb8365229d
hfo2_Anti-Anion,hfo2,Anti-Anion,48,Hf15O33,2,3000,0,1,True,True,-6.47173012,-23.58686988,11.97723012,True,48,0.0,12.6706,True,True,False,6.501000000000001,1.663,True,True,False,da666ed78856c629cb3a8e8fc536c48b
hfo2_Anti-Metal,hfo2,Anti-Metal,48,Hf17O31,2,3000,0,1,True,True,-4.49715841,-23.165141589999998,10.62485841,True,48,0.0,22.47169999999999,True,True,False,0.0,0.0,True,True,False,f3ff4957f63d7e7b726e0caeb3f4b8c9
hfo2_Defect-Free,hfo2,Defect-Free,48,Hf16O32,2,3000,0,1,True,True,-6.97087902,-21.106220980000003,12.15577902,True,48,0.0,266.87190000000027,True,True,False,0.0,0.0,True,True,False,35b7972411dd5274ffcc1040718452b9
hfo2_Int-Anion,hfo2,Int-Anion,49,Hf16O33,2,3000,0,1,True,True,-5.89608132,-21.61091868,11.75358132,True,49,0.0,14.023,True,True,False,2.077,0.651,False,,False,520fc313bdcf9fcd0b1919d877b2c946
hfo2_Int-Metal,hfo2,Int-Metal,49,Hf17O32,2,3000,0,1,True,True,-1.97194554,-24.87985446,8.38574554,False,49,0.0,167.50780000000003,True,True,False,1.722,0.384,True,True,False,2dccfa75948d733eb2e9a6ff4f6783c6
hfo2_Vacancy-Anion-03,hfo2,Vacancy-Anion-03,47,Hf16O31,2,3000,0,1,True,True,-3.47156761,-24.85743239,9.07586761,False,47,0.0,14.9666,True,True,False,1.8769999999999996,0.278,True,True,False,9336df24f0b726cbbad8568dccf49ddb
hfo2_Vacancy-Metal,hfo2,Vacancy-Metal,47,Hf15O32,2,3000,0,1,True,True,-6.77009792,-21.75230208,12.707697920000001,True,47,0.0,7.2871,True,True,False,4.513999999999999,0.475,True,True,False,2e1c5d4e730bc838e3331ff90349127a
irte2_Defect-Free,irte2,Defect-Free,48,Te32Ir16,2,3000,0,1,True,True,-2.37115671,-15.019343289999998,8.67105671,False,48,0.0,5.999199999999998,True,False,,,,True,True,False,b1fd43ef646d1c05f7d6ea70f6487f91
irte2_Vacancy-Anion-03,irte2,Vacancy-Anion-03,47,Te31Ir16,2,3000,0,1,True,True,-2.16446265,-15.346937349999997,8.52096265,False,47,0.0,7.2634,True,False,,,,True,True,False,d1a596ca4c0f757925530de51a5ee2b6
irte2_Vacancy-Metal,irte2,Vacancy-Metal,47,Te32Ir15,2,3000,0,1,True,True,-2.137207,-15.285093,8.546807000000001,False,47,0.0,5.043399999999999,True,False,,,,True,True,False,75b744f3db1c03a1c6b8c936d1c1965a
mno2_Defect-Free,mno2,Defect-Free,48,Mn16O32,2,3000,0,1,True,True,-7.31426468,-22.190735319999998,15.68636468,True,48,0.0,4.9207,True,False,,,,True,True,False,ad8f5b3df20dc1fb78079f0bb10cc188
mno2_Int-Anion,mno2,Int-Anion,49,Mn16O33,2,3000,0,1,True,True,-6.35863356,-24.16266644,14.54663356,True,49,0.0,7.257199999999998,True,True,False,51.203,3.114,True,True,False,a72a0cd992276fce6784b1501f675784
mno2_Vacancy-Anion-03,mno2,Vacancy-Anion-03,47,Mn16O31,2,3000,0,1,True,True,-5.7050937,-23.6787063,14.1816937,True,47,0.0,4.4323,True,True,False,54.027,3.535,True,True,False,2a731d3b21e6d795040c75b985088ab2
mno2_Vacancy-Metal,mno2,Vacancy-Metal,47,Mn15O32,2,3000,0,1,True,True,-6.59032548,-23.20547452,15.18332548,True,47,0.0,4.637599999999999,True,True,False,51.74499999999999,3.14,True,True,False,5cff12f5619bc39400c970333e45271e
mns2_Defect-Free,mns2,Defect-Free,48,Mn16S32,2,3000,0,1,True,True,-2.31196711,-19.08683289,9.90376711,False,48,0.0,3.6718,True,True,False,60.01599999999999,3.343,True,True,False,9ef3f006aaffe8f4f2d385f6112b97ea
mns2_Int-Anion,mns2,Int-Anion,49,Mn16S33,2,3000,0,1,True,True,-2.37141687,-19.53258313,9.23551687,False,49,0.0,6.2504,True,True,False,52.448,3.26,True,False,False,e9c7e139064458c7ce2d6c500dc43168
mns2_Int-Metal,mns2,Int-Metal,49,Mn17S32,2,3000,0,1,True,True,-2.44325424,-18.871145759999997,9.229454239999999,False,49,0.0,9.3432,True,True,False,0.597,0.047,True,True,False,80133393beb22edacc965e421a5bc605
mns2_Vacancy-Anion-03,mns2,Vacancy-Anion-03,47,Mn16S31,2,3000,0,1,True,True,-2.45265081,-18.80924919,9.10445081,False,47,0.0,7.4718,True,True,False,3.943,0.157,True,True,False,e0ec69529ae9bc4904d9a52f26d767c5
mns2_Vacancy-Metal,mns2,Vacancy-Metal,47,Mn15S32,2,3000,0,1,True,True,-2.43104285,-20.19185715,9.23784285,False,47,0.0,4.828599999999999,True,True,False,5.649000000000003,0.316,True,True,False,53435aaf36ab329deca369da18c525f5
mnse2-A_Defect-Free,mnse2-A,Defect-Free,48,Mn16Se32,2,3000,0,1,True,True,-2.62834762,-18.00585238,9.25494762,False,48,0.0,4.5806000000000004,True,True,False,70.35199999999999,3.715,True,True,False,7be034b567c9907764820c362c13d5bc
mnse2-A_Vacancy-Anion-03,mnse2-A,Vacancy-Anion-03,47,Mn16Se31,2,3000,0,1,True,True,-2.63900416,-18.08089584,8.61710416,False,47,0.0,7.4415,True,True,False,69.40099999999997,3.886,True,True,False,714ac9dbe7bd22a28e8275c0e4ba1429
mnse2-A_Vacancy-Metal,mnse2-A,Vacancy-Metal,47,Mn15Se32,2,3000,0,1,True,True,-2.64123567,-18.05586433,8.57333567,False,47,0.0,5.3994,True,True,False,61.27599999999998,3.706,True,True,False,ddb8c6b85116875a7d65ec00551007de
mnse2-B_Defect-Free,mnse2-B,Defect-Free,48,Mn16Se32,2,3000,0,1,True,True,-2.83250668,-17.59069332,8.97320668,False,48,0.0,3.8608999999999996,True,True,False,68.62400000000001,3.675,True,True,False,b9558f6ac363f163f9b6787ed904b769
mnse2-B_Vacancy-Anion-03,mnse2-B,Vacancy-Anion-03,47,Mn16Se31,2,3000,0,1,True,True,-2.89947682,-17.52682318,9.06037682,False,47,0.0,3.7521000000000004,True,False,,,,True,True,False,49d29f0857d98086aa0ab57d872e24bd
mnse2-B_Vacancy-Metal,mnse2-B,Vacancy-Metal,47,Mn15Se32,2,3000,0,1,True,True,-3.12454539,-17.334954609999997,8.76994539,False,47,0.0,4.2839,True,True,False,65.62700000000002,3.709,True,True,False,bcf21426c62447f001ca394b518b33c9
mnte2_Defect-Free,mnte2,Defect-Free,48,Mn16Te32,2,3000,0,1,True,True,-1.66980575,-15.55869425,7.59460575,False,48,0.0,5.3083,True,False,,,,True,True,False,0756ba4dd4fc78103cf4ca980b701762
mnte2_Vacancy-Anion-03,mnte2,Vacancy-Anion-03,47,Mn16Te31,2,3000,0,1,True,True,-1.74129545,-15.71220455,7.70529545,False,47,0.0,6.851000000000001,True,False,,,,True,True,False,60655acf36ed9dd892b9661e988886ef
mnte2_Vacancy-Metal,mnte2,Vacancy-Metal,47,Mn15Te32,2,3000,0,1,True,True,-1.56502972,-15.830470279999998,7.62042972,False,47,0.0,5.6777999999999995,True,False,,,,True,True,False,9e58cbc8e8ad82876b54145c26be4952
mos2-A_Adatom-K,mos2-A,Adatom-K,49,K1Mo16S32,2,3000,0,1,True,True,-2.06208468,-17.93271532,9.29418468,False,49,0.0,44.92649999999999,True,False,,,,True,True,False,ad11b9d7404baff8bbc92de82d5084e9
mos2-A_Adatom-Li,mos2-A,Adatom-Li,49,Li1Mo16S32,2,3000,0,1,True,True,-2.36294222,-17.64595778,9.74504222,False,49,0.0,7.873099999999999,True,False,,,,True,True,False,e60d9b9f021a4bc91d2109dc3c76864d
mos2-A_Adatom-Na,mos2-A,Adatom-Na,49,Na1Mo16S32,2,3000,0,1,True,True,-2.21638577,-17.58831423,8.99738577,False,49,0.0,8.250399999999997,True,True,False,0.003,0.001,False,,False,18fcfff8133d5faf44445a006e2c8356
mos2-A_Anti-2M,mos2-A,Anti-2M,47,Mo17S30,2,3000,0,1,True,True,-2.93902303,-17.071976969999998,9.12192303,False,47,0.0,5.486800000000001,True,False,,,,True,True,False,9f76b50356f1c53606c6aaf5b7f5893d
mos2-A_Anti-Anion,mos2-A,Anti-Anion,48,Mo15S33,2,3000,0,1,True,True,-2.93508057,-20.76021943,10.524480570000001,True,48,0.0,9.0958,True,True,False,0.0,0.0,True,True,False,dceb0af4ed1a2faeb3e0525a543b8e19
mos2-A_Anti-Metal,mos2-A,Anti-Metal,48,Mo17S31,2,3000,0,1,True,True,-2.76870665,-17.34439335,10.03990665,True,48,0.0,8.6036,True,True,False,0.0,0.0,True,True,False,38934e29e5a7c52b2e54571f4bdbd155
mos2-A_Defect-Free,mos2-A,Defect-Free,48,Mo16S32,2,3000,0,1,True,True,-2.33618404,-17.93561596,9.67598404,False,48,0.0,4.0446,True,True,False,0.0,0.0,True,True,False,ac74762005e3e7e43cd19181ef746361
mos2-A_Doped-K,mos2-A,Doped-K,48,K1Mo15S32,2,3000,0,1,True,True,-3.12953904,-17.34926096,10.46703904,True,48,0.0,22.490699999999997,True,False,,,,True,True,False,7eabd18c56650adb1f8412c27afc7f0d
mos2-A_Doped-Li,mos2-A,Doped-Li,48,Li1Mo15S32,2,3000,0,1,True,True,-3.12208241,-17.19661759,9.50048241,False,48,0.0,5.245800000000002,True,False,,,,True,True,False,4dec81e35dd07181e997aa6f8b2f077b
mos2-A_Doped-Na,mos2-A,Doped-Na,49,Na1Mo16S32,2,3000,0,1,True,True,-2.21573974,-17.62336026,9.741239740000001,False,49,0.0,8.277499999999998,True,False,,,,True,True,False,04b9474707d3eaf4b1f4cf80f9d88c88
mos2-A_Ti_adatom,mos2-A,Ti_adatom,49,Ti1Mo16S32,2,3000,0,1,True,True,-2.56948063,-17.422119369999997,9.66498063,False,49,0.0,9.457899999999999,True,False,,,,True,True,False,99a4eaec10536a46404b83cbc551e93b
mos2-A_Ti_doped,mos2-A,Ti_doped,48,Ti1Mo15S32,2,3000,0,1,True,True,-2.90470852,-17.35989148,9.11750852,False,48,0.0,7.571699999999999,True,False,,,,True,True,False,f650eb89ad589ea3bd6a0b179570af23
mos2-A_V_adatom,mos2-A,V_adatom,49,V1Mo16S32,2,3000,0,1,True,True,-2.65025107,-17.47304893,9.55055107,False,49,0.0,9.0992,True,False,,,,True,True,False,6dc137e7e8325b9152b7b620fa29efc6
mos2-A_V_doped,mos2-A,V_doped,48,V1Mo15S32,2,3000,0,1,True,True,-2.8563055,-17.429194499999998,9.7860055,False,48,0.0,15.3725,True,False,,,,True,True,False,c651987210f7d88f714d71efe78c21a8
mos2-A_Vacancy-Anion-03,mos2-A,Vacancy-Anion-03,47,Mo16S31,2,3000,0,1,True,True,-2.49206589,-17.719234110000002,8.87826589,False,47,0.0,5.3576999999999995,True,False,,,,True,True,False,c0bce2560f0966c4c470629b41600da0
mos2-A_Vacancy-Anion-06A,mos2-A,Vacancy-Anion-06A,46,Mo16S30,2,3000,0,1,True,True,-3.12685474,-17.03144526,9.48005474,False,46,0.0,6.0310000000000015,True,False,,,,True,True,False,eb52e0a57202070bd71135c3a6c95775
mos2-A_Vacancy-Anion-06B,mos2-A,Vacancy-Anion-06B,46,Mo16S30,2,3000,0,1,True,True,-2.74393195,-17.53406805,9.08063195,False,46,0.0,10.8765,True,False,,,,True,True,False,e6992f04aed391ad0d4d2c6128780064
mos2-A_Vacancy-Metal,mos2-A,Vacancy-Metal,47,Mo15S32,2,3000,0,1,True,True,-3.07007998,-17.25902002,9.47987998,False,47,0.0,5.313999999999998,True,False,,,,True,True,False,d051cf405a7548e4e89f36d25e8d90d1
mos2-B_Adatom-K,mos2-B,Adatom-K,49,K1Mo16S32,2,3000,0,1,True,True,-0.51408075,-19.564219249999997,7.98468075,False,49,0.0,44.9723,True,True,False,0.008,0.002,True,True,False,f4a43dd48d7d4d624f49f25b346a5e9b
mos2-B_Adatom-Li,mos2-B,Adatom-Li,49,Li1Mo16S32,2,3000,0,1,True,True,-0.88443142,-19.23496858,8.37643142,False,49,0.0,4.2303999999999995,True,True,False,0.006,0.003,True,True,False,713860cee0b2938c1ffb962bca521582
mos2-B_Adatom-Na,mos2-B,Adatom-Na,49,Na1Mo16S32,2,3000,0,1,True,True,-0.66551555,-19.224584450000002,8.02611555,False,49,0.0,4.4182999999999995,True,True,False,0.002,0.002,True,True,False,1e4737c563c1d2869f2efe2dd51e3127
mos2-B_Anti-2M,mos2-B,Anti-2M,47,Mo17S30,2,3000,0,1,True,True,-2.58515291,-17.57604709,8.88505291,False,47,0.0,7.3561,True,True,False,3.101999999999999,1.634,True,True,False,8cc931660aa8f20de9f842982368d5ab
mos2-B_Anti-Anion,mos2-B,Anti-Anion,48,Mo15S33,2,3000,0,1,True,True,-2.74343083,-20.08526917,10.32143083,True,48,0.0,8.7986,True,True,False,0.0,0.0,True,True,False,6f115cbe64eacf3b546b250dd37063d3
mos2-B_Anti-Metal,mos2-B,Anti-Metal,48,Mo17S31,2,3000,0,1,True,True,-2.84856652,-17.337233480000002,10.24596652,True,48,0.0,9.352500000000003,True,True,False,3.761,2.241,True,True,False,b4bc742c79d716035c2156d41c8df055
mos2-B_Defect-Free,mos2-B,Defect-Free,48,Mo16S32,2,3000,0,1,True,True,-3.27099413,-17.119505869999998,10.73799413,True,48,0.0,5.3020000000000005,True,True,False,0.0,0.0,True,True,False,9b1df5bf830d5c2e481c6f10ec3df082
mos2-B_Doped-K,mos2-B,Doped-K,48,K1Mo15S32,2,3000,0,1,True,True,-3.0163042,-17.5096958,10.4232042,True,48,0.0,22.242799999999995,True,True,False,1.693,0.198,True,True,False,0ed87421ba62e0abc0a57ea6ff08326b
mos2-B_Doped-Li,mos2-B,Doped-Li,48,Li1Mo15S32,2,3000,0,1,True,True,-2.93241276,-17.485487239999998,9.255812760000001,False,48,0.0,5.1331,True,True,False,1.2309999999999999,0.172,True,True,False,ae48191a0ac6d50af4e6afdfe50d3f38
mos2-B_Doped-Na,mos2-B,Doped-Na,48,Na1Mo15S32,2,3000,0,1,True,True,-2.94745536,-17.47554464,9.458955360000001,False,48,0.0,4.6016,True,True,False,1.352,0.182,True,True,False,a6d79fdb5ed6ac775da6852e7456c95d
mos2-B_Ti_adatom,mos2-B,Ti_adatom,49,Ti1Mo16S32,2,3000,0,1,True,True,-1.32966471,-18.67183529,7.5071647100000005,False,49,0.0,13.754800000000001,True,True,False,3.5920000000000005,1.999,True,True,False,2bd147dd3e3e62f08b16b32a87bf1a44
mos2-B_Ti_doped,mos2-B,Ti_doped,48,Ti1Mo15S32,2,3000,0,1,True,True,-3.10164757,-17.24545243,9.37404757,False,48,0.0,12.6511,True,True,False,0.0,0.0,True,True,False,3c6e1188220be7faddb80bbe2ff7b932
mos2-B_V_adatom,mos2-B,V_adatom,49,V1Mo16S32,2,3000,0,1,True,True,-1.67870959,-18.38969041,7.822609590000001,False,49,0.0,13.8397,True,True,False,3.454,0.311,True,True,False,5ec0de39cafa97829edef81fc1f4d3b9
mos2-B_V_doped,mos2-B,V_doped,48,V1Mo15S32,2,3000,0,1,True,True,-3.12503696,-17.26736304,10.23383696,True,48,0.0,6.7611,True,True,False,1.2630000000000001,0.679,True,True,False,0f81a2e52a67d98efd1d0fea4b67f3da
mos2-B_Vacancy-Anion-03,mos2-B,Vacancy-Anion-03,47,Mo16S31,2,3000,0,1,True,True,-3.16271409,-17.174385909999998,9.526514090000001,False,47,0.0,7.270999999999999,True,True,False,0.0,0.0,True,True,False,7e42cd21aa4f45abba046255b55b11a1
mos2-B_Vacancy-Anion-06A,mos2-B,Vacancy-Anion-06A,46,Mo16S30,2,3000,0,1,True,True,-3.03562001,-17.31837999,9.481320010000001,False,46,0.0,5.7236,True,True,False,0.0,0.0,True,True,False,3b0cc1ad825764ccbf7b34a2fc202836
mos2-B_Vacancy-Anion-06B,mos2-B,Vacancy-Anion-06B,46,Mo16S30,2,3000,0,1,True,True,-3.08376751,-17.25783249,9.51726751,False,46,0.0,5.319500000000001,True,True,False,0.0,0.0,True,True,False,733269ef895ddf8c8a5f0e3192fa24e1
mos2-B_Vacancy-Metal,mos2-B,Vacancy-Metal,47,Mo15S32,2,3000,0,1,True,True,-3.0422855,-17.398014500000002,9.5527855,False,47,0.0,5.444899999999999,True,True,False,0.0,0.0,True,True,False,7dc5c57be109616361ebe3d241c5b060
mose2-A_Adatom-K,mose2-A,Adatom-K,49,K1Mo16Se32,2,3000,0,1,True,True,-0.48635836,-38.418841640000004,7.52675836,False,49,0.0,51.43910000000001,True,True,False,1.095,0.658,True,True,False,cabc2745396b9898984e20c04e048477
mose2-A_Adatom-Li,mose2-A,Adatom-Li,49,Li1Mo16Se32,2,3000,0,1,True,True,-0.86965343,-18.79154657,6.930353429999999,False,49,0.0,4.976100000000001,True,True,False,1.077,0.66,True,True,False,29153afd1e3ffbba879dcff188ea8179
mose2-A_Adatom-Na,mose2-A,Adatom-Na,49,Na1Mo16Se32,2,3000,0,1,True,True,-0.85606899,-18.61063101,6.936668989999999,False,49,0.0,4.2994,True,True,False,1.047,0.635,True,True,False,c5e71bff1348283f67416b20205ca7cd
mose2-A_Anti-2M,mose2-A,Anti-2M,47,Mo17Se30,2,3000,0,1,True,True,-2.47584987,-17.30475013,8.488949869999999,False,47,0.0,4.0221,True,True,False,2.6759999999999997,0.71,True,True,False,ae025d8b76a27ec010e0b4af5484864d
mose2-A_Anti-Anion,mose2-A,Anti-Anion,48,Mo15Se33,2,3000,0,1,True,True,-2.35724932,-19.14375068,9.54794932,False,48,0.0,9.707,True,True,False,0.0,0.0,True,True,False,4c27c8cf83ff32d1e27da8a604b6da5c
mose2-A_Anti-Metal,mose2-A,Anti-Metal,48,Mo17Se31,2,3000,0,1,True,True,-2.47948923,-17.30451077,9.47378923,False,48,0.0,7.872599999999999,True,True,False,4.313,2.146,True,True,False,edddc8d1516244f134de6a1618a8606c
mose2-A_Defect-Free,mose2-A,Defect-Free,48,Mo16Se32,2,3000,0,1,True,True,-2.86524777,-17.06555223,10.013547769999999,True,48,0.0,6.167,True,True,False,0.0,0.0,True,True,False,1cd91dcccd06cd5c0d3b6b352c55aa02
mose2-A_Doped-K,mose2-A,Doped-K,48,K1Mo15Se32,2,3000,0,1,True,True,-2.75403515,-17.31426485,9.782535150000001,False,48,0.0,20.4291,True,True,False,2.185,0.243,True,True,False,83a313229232aa3a0572b45170e13c32
mose2-A_Doped-Li,mose2-A,Doped-Li,48,Li1Mo15Se32,2,3000,0,1,True,True,-2.6204187,-17.3333813,8.7271187,False,48,0.0,5.677,True,True,False,1.5899999999999999,0.204,True,True,False,80b111157298744661132db38471eca2
mose2-A_Doped-Na,mose2-A,Doped-Na,48,Na1Mo15Se32,2,3000,0,1,True,True,-2.65767953,-17.30402047,8.77557953,False,48,0.0,4.8597,True,True,False,1.7930000000000001,0.221,True,True,False,e3f6b23244bba097236ba8035b211247
mose2-A_Ti_adatom,mose2-A,Ti_adatom,49,Ti1Mo16Se32,2,3000,0,1,True,True,-1.27960306,-18.384396940000002,8.16600306,False,49,0.0,13.752200000000002,True,True,False,3.917,2.107,True,True,False,a8c3ed4bd26a6537df5d1c24339033a1
mose2-A_Ti_doped,mose2-A,Ti_doped,48,Ti1Mo15Se32,2,3000,0,1,True,True,-2.72252704,-17.16147296,8.51852704,False,48,0.0,12.114700000000001,True,True,False,2.42,0.313,True,True,False,1064e1807cc576bbbf0b971374bbc127
mose2-A_V_adatom,mose2-A,V_adatom,49,V1Mo16Se32,2,3000,0,1,True,True,-1.69859247,-18.01780753,8.62689247,False,49,0.0,11.902099999999999,True,True,False,4.9030000000000005,3.26,True,True,False,ee184c07d2a36ab58be765c100637053
mose2-A_V_doped,mose2-A,V_doped,48,V1Mo15Se32,2,3000,0,1,True,True,-3.05162051,-16.83977949,8.86772051,False,48,0.0,8.4705,True,True,False,1.705,1.079,True,True,False,3f1f7e10132c164c60c1f70f5c9fde9f
mose2-A_Vacancy-Anion-03,mose2-A,Vacancy-Anion-03,47,Mo16Se31,2,3000,0,1,True,True,-2.94583283,-16.94246717,8.994432830000001,False,47,0.0,7.300800000000001,True,True,False,0.0,0.0,True,True,False,b27897e8fadb7ac3c1f1f6541a875f91
mose2-A_Vacancy-Anion-06A,mose2-A,Vacancy-Anion-06A,46,Mo16Se30,2,3000,0,1,True,True,-2.83495213,-17.07344787,8.85225213,False,46,0.0,5.526699999999999,True,True,False,0.0,0.0,True,True,False,1218c3983f19f306df59e83914237181
mose2-A_Vacancy-Anion-06B,mose2-A,Vacancy-Anion-06B,46,Mo16Se30,2,3000,0,1,True,True,-2.8949895,-17.0013105,8.9066895,False,46,0.0,5.49,True,True,False,0.0,0.0,True,True,False,9b5ebfb3dbaeb02ce0956f72dc20c6a8
mose2-A_Vacancy-Metal,mose2-A,Vacancy-Metal,47,Mo15Se32,2,3000,0,1,True,True,-2.64304934,-17.30475066,8.71734934,False,47,0.0,4.948099999999999,True,True,False,3.33,0.279,True,True,False,0b2a11bd3325f99ce40c9c3f381621f9
mose2-B_Adatom-K,mose2-B,Adatom-K,49,K1Mo16Se32,2,3000,0,1,True,True,-1.60071109,-18.48108891,8.52921109,False,49,0.0,53.77540000000001,True,True,False,0.0,0.0,True,True,False,367f73be841e3b602d02dc1cf6bf2ccf
mose2-B_Adatom-Li,mose2-B,Adatom-Li,49,Li1Mo16Se32,2,3000,0,1,True,True,-1.89129192,-17.76840808,8.94399192,False,49,0.0,8.977999999999996,True,True,False,0.0,0.0,True,True,False,246c5f394df13939e63fad781957b4eb
mose2-B_Adatom-Na,mose2-B,Adatom-Na,49,Na1Mo16Se32,2,3000,0,1,True,True,-1.73682366,-17.76687634,8.83602366,False,49,0.0,9.2076,True,True,False,0.0,0.0,True,True,False,ebbe2470b3a71750a7987f461d30a35b
mose2-B_Anti-2M,mose2-B,Anti-2M,47,Mo17Se30,2,3000,0,1,True,True,-2.58319235,-17.100107649999998,8.54269235,False,47,0.0,5.4483999999999995,True,True,False,0.0,0.0,True,True,False,bcf95445011ac31cd28a8c9a3bf270dd
mose2-B_Anti-Anion,mose2-B,Anti-Anion,48,Mo15Se33,2,3000,0,1,True,True,-2.46888724,-19.336412759999998,9.69268724,False,48,0.0,9.8827,True,True,False,0.0,0.0,True,True,False,066e18b1fa9a1dbc6b233327f17779a0
mose2-B_Anti-Metal,mose2-B,Anti-Metal,48,Mo17Se31,2,3000,0,1,True,True,-2.45124115,-17.320658849999997,9.24684115,False,48,0.0,9.907299999999998,True,True,False,5.122,0.825,True,True,False,5fe3c287447cf76860ec140d14120bab
mose2-B_Defect-Free,mose2-B,Defect-Free,48,Mo16Se32,2,3000,0,1,True,True,-1.89945801,-17.97014199,8.839458010000001,False,48,0.0,3.9648000000000003,True,True,False,0.0,0.0,True,True,False,597791d1b032a6a22b09fc2bb7912083
mose2-B_Doped-K,mose2-B,Doped-K,48,K1Mo15Se32,2,3000,0,1,True,True,-2.78724549,-17.29585451,9.87124549,False,48,0.0,26.462699999999998,True,True,False,0.0,0.0,True,True,False,f9a8662c99798333f4d15242f4d3ab54
mose2-B_Doped-Li,mose2-B,Doped-Li,48,Li1Mo15Se32,2,3000,0,1,True,True,-2.68863651,-17.25656349,8.80103651,False,48,0.0,6.044999999999999,True,True,False,0.0,0.0,True,True,False,28b8a1d4ff8eb0b2d47f7de4558f5baa
mose2-B_Doped-Na,mose2-B,Doped-Na,48,Na1Mo15Se32,2,3000,0,1,True,True,-2.66835525,-17.294144749999997,8.83145525,False,48,0.0,8.258399999999996,True,True,False,0.0,0.0,True,True,False,18acf75f8683e2dcd4803e2aa7b90490
mose2-B_Ti_adatom,mose2-B,Ti_adatom,49,Ti1Mo16Se32,2,3000,0,1,True,True,-2.18835581,-17.44854419,7.96795581,False,49,0.0,8.5276,True,True,False,4.130999999999999,1.948,True,True,False,5bf0688d28262cf9a3250e1f526b7193
mose2-B_Ti_doped,mose2-B,Ti_doped,48,Ti1Mo15Se32,2,3000,0,1,True,True,-2.47056436,-17.406535639999998,8.40816436,False,48,0.0,8.794299999999998,True,True,False,1.1380000000000001,0.081,True,True,False,22b91f3fc522f1aa8bac86fba0a46e3c
mose2-B_V_adatom,mose2-B,V_adatom,49,V1Mo16Se32,2,3000,0,1,True,True,-2.2829179,-17.449182099999998,8.203717900000001,False,49,0.0,9.3028,True,True,False,3.4570000000000003,1.02,True,True,False,55e27574e6574b610dd6068ec543c45c
mose2-B_V_doped,mose2-B,V_doped,48,V1Mo15Se32,2,3000,0,1,True,True,-2.41190204,-17.45089796,8.341802040000001,False,48,0.0,11.5225,True,True,False,2.911,1.11,True,True,False,113f6e23dd1f3fed43334663628869f7
mose2-B_Vacancy-Anion-03,mose2-B,Vacancy-Anion-03,47,Mo16Se31,2,3000,0,1,True,True,-2.35899059,-17.504309409999998,8.42349059,False,47,0.0,8.550999999999998,True,True,False,0.0,0.0,True,True,False,2c8a23fd8874c09a954d53ceb7c3dfdb
mose2-B_Vacancy-Anion-06A,mose2-B,Vacancy-Anion-06A,46,Mo16Se30,2,3000,0,1,True,True,-2.6103807,-17.2310193,8.7859807,False,46,0.0,4.898599999999999,True,True,False,4.2299999999999995,0.591,True,False,False,c429cbcaf634763d8251b5b7de00d049
mose2-B_Vacancy-Anion-06B,mose2-B,Vacancy-Anion-06B,46,Mo16Se30,2,3000,0,1,True,True,-2.35020723,-17.539692770000002,8.44660723,False,46,0.0,13.0406,True,True,False,0.001,0.001,True,True,False,fb8bad0b94bf6c626ab5a64d73516506
mose2-B_Vacancy-Metal,mose2-B,Vacancy-Metal,47,Mo15Se32,2,3000,0,1,True,True,-2.69136085,-17.26463915,8.81976085,False,47,0.0,5.453299999999999,True,True,False,4.002,0.258,True,True,False,ad226af1fe8f83ff1663d24e6b6b6c19
mote2-A_Adatom-K,mote2-A,Adatom-K,49,K1Te32Mo16,2,3000,0,1,True,True,-0.3864208,-18.8701792,7.077520799999999,False,49,0.0,63.55280000000001,True,False,,,,True,True,False,ae1e0df05555cb6dbaee003ecd78cf1d
mote2-A_Adatom-Li,mote2-A,Adatom-Li,49,Li1Te32Mo16,2,3000,0,1,True,True,-0.66074544,-15.90335456,7.42334544,False,49,0.0,6.574900000000001,True,False,,,,True,True,False,688afd21d686ffa9ad0e497cee191978
mote2-A_Adatom-Na,mote2-A,Adatom-Na,49,Na1Te32Mo16,2,3000,0,1,True,True,-0.51663334,-15.89496666,7.275233340000001,False,49,0.0,6.5076,True,False,,,,True,True,False,21386a2da2fe0cdf129f5cbab7bff9c3
mote2-A_Anti-2M,mote2-A,Anti-2M,47,Te30Mo17,2,3000,0,1,True,True,-1.2141209,-15.4112791,7.1689209,False,47,0.0,3.6403000000000008,True,False,,,,True,True,False,b1a8fe8001330b87202e820306103ae1
mote2-A_Anti-Anion,mote2-A,Anti-Anion,48,Te33Mo15,2,3000,0,1,True,True,-1.16802374,-16.471776260000002,7.87492374,False,48,0.0,5.7762,True,False,,,,True,True,False,15a010b3efe68071b22b67fa9ead02fb
mote2-A_Anti-Metal,mote2-A,Anti-Metal,48,Te31Mo17,2,3000,0,1,True,True,-1.01339855,-15.656401449999999,7.59539855,False,48,0.0,12.822099999999999,True,False,,,,True,True,False,fca525ee77c5b72755fd6e112ffc2ecd
mote2-A_Defect-Free,mote2-A,Defect-Free,48,Te32Mo16,2,3000,0,1,True,True,-0.79318925,-15.914910750000002,7.5041892500000005,False,48,0.0,4.848199999999999,True,False,,,,True,True,False,6ba3e99d62c399f06684d33474ddb527
mote2-A_Doped-K,mote2-A,Doped-K,48,K1Te32Mo15,2,3000,0,1,True,True,-1.33439394,-15.548906059999998,7.98479394,False,48,0.0,43.364,True,False,,,,True,True,False,48c2c5a813def4aaf191dfdba7e01f37
mote2-A_Doped-Li,mote2-A,Doped-Li,48,Li1Te32Mo15,2,3000,0,1,True,True,-1.41036484,-15.390835160000002,7.55776484,False,48,0.0,4.5704,True,True,False,13.181999999999997,0.991,False,,False,c3df607d69ec9858a520b10cd239f566
mote2-A_Doped-Na,mote2-A,Doped-Na,48,Na1Te32Mo15,2,3000,0,1,True,True,-1.34649417,-15.46020583,7.539094169999999,False,48,0.0,5.535199999999999,True,False,,,,True,True,False,43d49a4eb1e3c49798255c760e939927
mote2-A_Ti_adatom,mote2-A,Ti_adatom,49,Ti1Te32Mo16,2,3000,0,1,True,True,-0.94735089,-15.712349110000002,7.39145089,False,49,0.0,5.0779,True,False,,,,True,True,False,4b53f76e8cabc029434a98c31b425c94
mote2-A_Ti_doped,mote2-A,Ti_doped,48,Ti1Te32Mo15,2,3000,0,1,True,True,-1.20349624,-15.523203760000001,7.08799624,False,48,0.0,8.26,True,False,,,,True,True,False,fe72f5fa8205b92d07d71fb11e1fa0b1
mote2-A_V_adatom,mote2-A,V_adatom,49,V1Te32Mo16,2,3000,0,1,True,True,-0.96647323,-15.71822677,7.41377323,False,49,0.0,5.6532,True,False,,,,True,True,False,b132635f924bf1f2e7b5ac0cba665015
mote2-A_V_doped,mote2-A,V_doped,48,V1Te32Mo15,2,3000,0,1,True,True,-1.18783755,-15.56366245,7.268837550000001,False,48,0.0,5.1105,True,True,False,17.436,1.815,False,,False,d650343c6b6a1c512cf983b06ae0e859
mote2-A_Vacancy-Anion-03,mote2-A,Vacancy-Anion-03,47,Te31Mo16,2,3000,0,1,True,True,-1.07004009,-15.656359910000003,7.14484009,False,47,0.0,6.4884,True,False,,,,True,True,False,3bf8a0cb4bacec2392a3269aed8a5600
mote2-A_Vacancy-Anion-06A,mote2-A,Vacancy-Anion-06A,46,Te30Mo16,2,3000,0,1,True,True,-1.26161058,-15.45368942,7.47961058,False,46,0.0,4.237899999999998,True,True,False,4.0200000000000005,0.58,True,False,False,2a3af5dcbb54cf4916a27574cf0e6e7a
mote2-A_Vacancy-Anion-06B,mote2-A,Vacancy-Anion-06B,46,Te30Mo16,2,3000,0,1,True,True,-1.13647444,-15.647625559999998,7.236074439999999,False,46,0.0,9.090200000000003,True,True,False,0.033999999999999996,0.01,True,True,False,9633296d36b248ca1cb6b5f31763a291
mote2-A_Vacancy-Metal,mote2-A,Vacancy-Metal,47,Te32Mo15,2,3000,0,1,True,True,-1.37516831,-15.456431690000002,7.60126831,False,47,0.0,4.300299999999999,True,True,False,15.406000000000002,1.153,False,,False,43894f284a5b765dd07044d8bafe963f
mote2-B_Adatom-K,mote2-B,Adatom-K,49,K1Te32Mo16,2,3000,0,1,True,True,0.21742072,-19.67862072,6.50907928,False,49,0.0,63.686200000000014,True,False,,,,True,True,False,c25e8e1005608a90fbdc4b340ae44070
mote2-B_Adatom-Li,mote2-B,Adatom-Li,49,Li1Te32Mo16,2,3000,0,1,True,True,-0.09733409,-16.46756591,6.76653409,False,49,0.0,4.8865,True,False,,,,True,True,False,5ab02d94f1e8d5873ad98418a33fb84e
mote2-B_Adatom-Na,mote2-B,Adatom-Na,49,Na1Te32Mo16,2,3000,0,1,True,True,-0.10533092,-16.29716908,6.75713092,False,49,0.0,4.2132,True,False,,,,True,True,False,c82a045f33f4f61ebe01b41933af1fcd
mote2-B_Anti-2M,mote2-B,Anti-2M,47,Te30Mo17,2,3000,0,1,True,True,-1.52695455,-15.14564545,7.40735455,False,47,0.0,4.0912999999999995,True,False,,,,True,True,False,e7835795e1f5854671dde901e23e5a4e
mote2-B_Anti-Anion,mote2-B,Anti-Anion,48,Te33Mo15,2,3000,0,1,True,True,-1.22083773,-16.40316227,8.28663773,False,48,0.0,7.5896,True,True,False,0.0,0.0,True,True,False,a0629a60968d6733f343f964c242450b
mote2-B_Anti-Metal,mote2-B,Anti-Metal,48,Te31Mo17,2,3000,0,1,True,True,-0.96856141,-15.72053859,7.437561410000001,False,48,0.0,4.9456,True,False,,,,True,True,False,0e1e8cfde53d7649aae93f9320b1eabb
mote2-B_Defect-Free,mote2-B,Defect-Free,48,Te32Mo16,2,3000,0,1,True,True,-1.6207897,-15.1385103,8.6064897,False,48,0.0,5.906600000000001,True,True,False,0.0,0.0,True,True,False,0c0da4dc0077e959d8b28dcaa3c9bb09
mote2-B_Doped-K,mote2-B,Doped-K,48,K1Te32Mo15,2,3000,0,1,True,True,-1.64164515,-15.31675485,8.60074515,False,48,0.0,41.68729999999999,True,True,False,3.3630000000000004,0.33,True,True,False,e65ba1ebd0730065f10e1044c424bdf9
mote2-B_Doped-Li,mote2-B,Doped-Li,48,Li1Te32Mo15,2,3000,0,1,True,True,-1.57416859,-15.16853141,7.7485685900000005,False,48,0.0,3.6233999999999993,True,True,False,6.345000000000001,0.607,True,True,False,ca34eda282d034ab83e1d5d182e4f566
mote2-B_Doped-Na,mote2-B,Doped-Na,48,Na1Te32Mo15,2,3000,0,1,True,True,-1.59932409,-15.149775909999999,7.7274240899999995,False,48,0.0,3.6644,True,False,,,,True,True,False,d01a9382f8e3bc6cee7a06a31f799d40
mote2-B_Ti_adatom,mote2-B,Ti_adatom,49,Ti1Te32Mo16,2,3000,0,1,True,True,-0.45518436,-16.11601564,7.361184359999999,False,49,0.0,11.590000000000002,True,True,False,4.342,2.173,True,True,False,503c22cef7b3b5c734841516f251a64e
mote2-B_Ti_doped,mote2-B,Ti_doped,48,Ti1Te32Mo15,2,3000,0,1,True,True,-1.48461641,-15.227683589999998,7.46721641,False,48,0.0,12.787,True,True,False,3.504,0.363,True,True,False,829e673ba69463fdb236a95a1d75c4f8
mote2-B_V_adatom,mote2-B,V_adatom,49,V1Te32Mo16,2,3000,0,1,True,True,-0.5495979,-16.021702100000002,6.6108979,False,49,0.0,10.072899999999999,True,True,False,5.186,3.263,False,,False,b1326a5eb0b11ccca604413720df9e9e
mote2-B_V_doped,mote2-B,V_doped,48,V1Te32Mo15,2,3000,0,1,True,True,-1.67929216,-15.06510784,8.20669216,False,48,0.0,8.528400000000001,True,False,,,,True,True,False,e2fcce0d90bf07096577b5fc3f6a8e39
mote2-B_Vacancy-Anion-03,mote2-B,Vacancy-Anion-03,47,Te31Mo16,2,3000,0,1,True,True,-1.72203461,-15.015165390000002,7.70453461,False,47,0.0,6.104800000000001,True,True,False,0.0,0.0,True,True,False,398fce69026369dde59ffcf3cc036172
mote2-B_Vacancy-Anion-06A,mote2-B,Vacancy-Anion-06A,46,Te30Mo16,2,3000,0,1,True,True,-1.72700492,-15.058195079999999,7.83060492,False,46,0.0,4.5511,True,True,False,0.0,0.0,True,True,False,58bde7e60ccd0c606e573a4337517b67
mote2-B_Vacancy-Anion-06B,mote2-B,Vacancy-Anion-06B,46,Te30Mo16,2,3000,0,1,True,True,-1.80796877,-14.968531229999998,7.911468770000001,False,46,0.0,6.0153,True,True,False,0.0,0.0,True,True,False,ec5e18729a47142e9a7852f8b5118746
mote2-B_Vacancy-Metal,mote2-B,Vacancy-Metal,47,Te32Mo15,2,3000,0,1,True,True,-1.35925694,-15.44564306,7.53285694,False,47,0.0,4.264,True,True,False,0.0,0.0,True,True,False,854a4790879705244030b1701d93b7e1
nbo2_Defect-Free,nbo2,Defect-Free,48,Nb16O32,2,3000,0,1,True,True,-3.70988379,-39.09711621,11.67048379,True,48,0.0,9.9573,True,False,,,,True,True,False,3399afa4218f1d56926de0e7fe770533
nbo2_Vacancy-Anion-03,nbo2,Vacancy-Anion-03,47,Nb16O31,2,3000,0,1,True,True,-3.80180534,-39.231694659999995,12.89760534,True,47,0.0,29.0416,True,True,False,0.0,0.0,True,True,False,dc00da9aab2bb30d5ac086b696690813
nbo2_Vacancy-Metal,nbo2,Vacancy-Metal,47,Nb15O32,2,3000,0,1,True,True,-4.03547384,-39.234126159999995,11.99057384,True,47,0.0,22.295199999999998,True,True,False,6.459999999999999,0.582,True,True,False,2004a2b3bdfd8e1e148008dcc8212b4f
nbs2_Anti-Anion,nbs2,Anti-Anion,48,Nb15S33,2,3000,0,1,True,True,-3.37192422,-36.637975780000005,11.54962422,True,48,0.0,27.9024,True,False,,,,True,True,False,154367efeb3cff6c97aa9b7a92a7f021
nbs2_Anti-Metal,nbs2,Anti-Metal,48,Nb17S31,2,3000,0,1,True,True,-3.29393323,-36.40596677,10.78893323,True,48,0.0,42.37200000000001,True,False,,,,True,True,False,3965672e63009105f8c35e917e5af33f
nbs2_Cu_adatom,nbs2,Cu_adatom,49,Nb16Cu1S32,2,3000,0,1,True,True,-3.25670256,-36.57279744,10.73560256,True,49,0.0,21.8632,True,False,,,,True,True,False,fde87566631f47f9949cd610a4ecdd17
nbs2_Cu_doped,nbs2,Cu_doped,48,Nb15Cu1S32,2,3000,0,1,True,True,-3.30418111,-36.704318889999996,11.04198111,True,48,0.0,19.8428,True,False,,,,True,True,False,083bcc9f0562ed4e76ba4c36f51351d0
nbs2_Defect-Free,nbs2,Defect-Free,48,Nb16S32,2,3000,0,1,True,True,-3.20787463,-36.97752537,11.11377463,True,48,0.0,15.713699999999998,True,False,,,,True,True,False,6e5756d4d6ea446275a503dbd2c44254
nbs2_Fe_adatom,nbs2,Fe_adatom,49,Nb16Fe1S32,2,3000,0,1,True,True,-3.10620018,-36.57739982,10.59690018,True,49,0.0,22.9263,True,False,,,,True,True,False,4bd65d036c5a28731576cca822d69ea8
nbs2_Fe_doped,nbs2,Fe_doped,48,Nb15Fe1S32,2,3000,0,1,True,True,-3.46964002,-36.55865998,11.152140020000001,True,48,0.0,22.9152,True,False,,,,True,True,False,aeea195a4d464bdd2840f7ba99ff93ad
nbs2_V_adatom,nbs2,V_adatom,49,Nb16V1S32,2,3000,0,1,True,True,-3.01563235,-36.75656765,12.08653235,True,49,0.0,26.504199999999997,True,False,,,,True,True,False,a2e06f4445e6998c466eb8c37ae7236d
nbs2_V_doped,nbs2,V_doped,48,Nb15V1S32,2,3000,0,1,True,True,-3.48938824,-36.58181176,11.28418824,True,48,0.0,23.1892,True,False,,,,True,True,False,bb848ce2b2465a7f4fb2163bd6955f26
nbs2_Vacancy-Anion-03,nbs2,Vacancy-Anion-03,47,Nb16S31,2,3000,0,1,True,True,-3.39398439,-36.57551561,11.15648439,True,47,0.0,26.716899999999995,True,False,,,,True,True,False,c781410eb7c7a2412de04a907b20f8e2
nbs2_Vacancy-Anion-06A,nbs2,Vacancy-Anion-06A,46,Nb16S30,2,3000,0,1,True,True,-2.75774929,-62.892750709999994,10.831949289999999,True,46,0.0,20.3257,True,True,False,5.026,0.608,True,False,False,877f5ddab0d126af2f4de17824a315bf
nbs2_Vacancy-Anion-06B,nbs2,Vacancy-Anion-06B,46,Nb16S30,2,3000,0,1,True,True,-2.85483538,-63.025364620000005,10.885035380000001,True,46,0.0,27.379199999999997,True,True,False,2.988,0.336,False,,False,b5f59eeb2658d12d32bb1ba4c2d8c5f6
nbs2_Vacancy-Anion-09A,nbs2,Vacancy-Anion-09A,45,Nb16S29,2,3000,0,1,True,True,-3.14336407,-36.62673593,10.28656407,True,45,0.0,41.04130000000001,True,False,,,,True,True,False,56076bce74391d74b1657077433eeb7d
nbs2_Vacancy-Anion-09B,nbs2,Vacancy-Anion-09B,45,Nb16S29,2,3000,0,1,True,True,-3.27002898,-36.90817102,10.837728980000001,True,45,0.0,21.666799999999995,True,True,False,5.323,1.359,True,True,False,5e28ed831415fbe875fa8a29824bd0d9
nbs2_Vacancy-Anion-12A,nbs2,Vacancy-Anion-12A,44,Nb16S28,2,3000,0,1,True,True,-3.03111241,-36.63728759,10.56731241,True,44,0.0,45.11979999999999,True,True,False,0.0,0.0,True,True,False,1976c1c8f3800d392fb89c8b69d89868
nbs2_Vacancy-Anion-12B,nbs2,Vacancy-Anion-12B,44,Nb16S28,2,3000,0,1,True,True,-2.73956963,-63.104830369999995,10.98106963,True,44,0.0,25.5157,True,True,False,3.7239999999999998,0.52,False,,False,964f4cf240ebf1cc37047613a835a76b
nbs2_Vacancy-Metal,nbs2,Vacancy-Metal,47,Nb15S32,2,3000,0,1,True,True,-3.5657025,-36.5405975,10.8910025,True,47,0.0,21.7883,True,False,,,,True,True,False,ffd674604f457c681a8ae3213ea16c97
nbse2_Anti-Anion,nbse2,Anti-Anion,48,Nb15Se33,2,3000,0,1,True,True,-2.99911142,-36.56738858,10.34421142,True,48,0.0,22.4435,True,False,,,,True,True,False,f7a13645df14e151d72db894c130d423
nbse2_Anti-Metal,nbse2,Anti-Metal,48,Nb17Se31,2,3000,0,1,True,True,-3.05872595,-36.44877405,10.13252595,True,48,0.0,43.3697,True,False,,,,True,True,False,b3e699deb065a1f0f90b0048726f46d6
nbse2_Cu_adatom,nbse2,Cu_adatom,49,Nb16Cu1Se32,2,3000,0,1,True,True,-2.87112986,-36.654270139999994,9.92072986,False,49,0.0,27.0227,True,False,,,,True,True,False,6e649fdd10650022c6dbd572f9011895
nbse2_Cu_doped,nbse2,Cu_doped,48,Nb15Cu1Se32,2,3000,0,1,True,True,-3.27856077,-36.41743923,10.600760769999999,True,48,0.0,26.182799999999997,True,False,,,,True,True,False,dbffed80a0cb806f3aa58570ea57c8bb
nbse2_Defect-Free,nbse2,Defect-Free,48,Nb16Se32,2,3000,0,1,True,True,-3.11156547,-36.671534529999995,10.48876547,True,48,0.0,18.6512,True,False,,,,True,True,False,85b4542dea76e9e5ae3687a648232cf3
nbse2_Fe_adatom,nbse2,Fe_adatom,49,Nb16Fe1Se32,2,3000,0,1,True,True,-2.82796792,-36.74863208,9.89726792,False,49,0.0,22.357599999999998,True,False,,,,True,True,False,0315c1f64460d4c0cc5008c9d19c83ea
nbse2_Fe_doped,nbse2,Fe_doped,48,Nb15Fe1Se32,2,3000,0,1,True,True,-3.1360956,-36.535004400000005,10.469895600000001,True,48,0.0,22.3557,True,False,,,,True,True,False,b70f149838fdc1f35f115b9dec3c2a17
nbse2_V_adatom,nbse2,V_adatom,49,Nb16V1Se32,2,3000,0,1,True,True,-2.73657644,-36.610923559999996,9.84057644,False,49,0.0,23.907099999999996,True,False,,,,True,True,False,d9e9a2177db5941766afd54a31c8d9f0
nbse2_V_doped,nbse2,V_doped,48,Nb15V1Se32,2,3000,0,1,True,True,-3.26828759,-36.43221241,10.64238759,True,48,0.0,22.4435,True,False,,,,True,True,False,07434019013c34e99603893d2d681dc0
nbse2_Vacancy-Anion-03,nbse2,Vacancy-Anion-03,47,Nb16Se31,2,3000,0,1,True,True,-3.13612118,-36.56217882,10.49512118,True,47,0.0,27.109599999999997,True,False,,,,True,True,False,73514f446d529d351234944cba3dfd84
nbse2_Vacancy-Anion-06A,nbse2,Vacancy-Anion-06A,46,Nb16Se30,2,3000,0,1,True,True,-2.61247892,-62.84482108,10.26697892,True,46,0.0,21.309099999999997,True,True,False,4.298,0.567,False,,False,59378c9665a2c6f42016ff518922d364
nbse2_Vacancy-Anion-06B,nbse2,Vacancy-Anion-06B,46,Nb16Se30,2,3000,0,1,True,True,-2.60324613,-63.167253869999996,10.23734613,True,46,0.0,32.6125,True,True,False,5.0809999999999995,0.632,False,,False,8a21f0d12e0030e37678705bc2917c12
nbse2_Vacancy-Anion-09A,nbse2,Vacancy-Anion-09A,45,Nb16Se29,2,3000,0,1,True,True,-2.88162352,-36.65477648,9.51402352,False,45,0.0,21.475399999999997,True,False,,,,True,True,False,32ad855ad33d6866232a3fb4ba2a343b
nbse2_Vacancy-Anion-09B,nbse2,Vacancy-Anion-09B,45,Nb16Se29,2,3000,0,1,True,True,-3.00382489,-36.683775110000006,9.69142489,False,45,0.0,25.2824,True,False,,,,True,True,False,72dd4ef8fa69c3deefef84f8b60d4da0
nbse2_Vacancy-Anion-12A,nbse2,Vacancy-Anion-12A,44,Nb16Se28,2,3000,0,1,True,True,-2.82696033,-36.54123967,9.96586033,False,44,0.0,48.42160000000001,True,True,False,0.0,0.0,True,True,False,58b3274a436fed4430073d1a27263b50
nbse2_Vacancy-Anion-12B,nbse2,Vacancy-Anion-12B,44,Nb16Se28,2,3000,0,1,True,True,-2.6509164,-63.0695836,10.5031164,True,44,0.0,22.1269,True,True,False,3.8000000000000003,0.556,True,False,False,df6e0e85b2ea3b3cb0841935121ecbb0
nbse2_Vacancy-Metal,nbse2,Vacancy-Metal,47,Nb15Se32,2,3000,0,1,True,True,-3.29533113,-36.47676887,10.159531130000001,True,47,0.0,24.0582,True,False,,,,True,True,False,97030dd7fa9e329f846375f94698153c
nbte2_Anti-Anion,nbte2,Anti-Anion,48,Nb15Te33,2,3000,0,1,True,True,-1.51389246,-36.28070754,9.22799246,False,48,0.0,30.407999999999998,True,False,,,,True,True,False,2c0a8455e9a81d16938fc039f96903bc
nbte2_Anti-Metal,nbte2,Anti-Metal,48,Nb17Te31,2,3000,0,1,True,True,-1.5491894,-36.674810599999994,8.8255894,False,48,0.0,44.1791,True,False,,,,True,True,False,46c2e222e33a6c4180d92a8951a20869
nbte2_Cu_adatom,nbte2,Cu_adatom,49,Nb16Cu1Te32,2,3000,0,1,True,True,-1.25455928,-36.66814072,8.57955928,False,49,0.0,42.671900000000015,True,False,,,,True,True,False,efc768d080129be6c80eb7a99a3a2d1c
nbte2_Cu_doped,nbte2,Cu_doped,48,Nb15Cu1Te32,2,3000,0,1,True,True,-1.66052735,-36.25237265,9.27712735,False,48,0.0,30.091999999999995,True,False,,,,True,True,False,daffa90f82134499f2adc118934ff917
nbte2_Defect-Free,nbte2,Defect-Free,48,Nb16Te32,2,3000,0,1,True,True,-1.46043559,-36.329964409999995,9.16253559,False,48,0.0,22.4997,True,False,,,,True,True,False,88d7ab171dc844a30c1386258bf45d49
nbte2_Fe_adatom,nbte2,Fe_adatom,49,Nb16Fe1Te32,2,3000,0,1,True,True,-1.3106084,-36.9596916,8.5758084,False,49,0.0,34.11070000000002,True,False,,,,True,True,False,c169db493199b9c7b176e6a4b74f94d8
nbte2_Fe_doped,nbte2,Fe_doped,48,Nb15Fe1Te32,2,3000,0,1,True,True,-1.44907164,-36.65752836,9.00897164,False,48,0.0,23.5025,True,False,,,,True,True,False,13f74fb96e4a68528876a26f6046ef29
nbte2_V_adatom,nbte2,V_adatom,49,Nb16V1Te32,2,3000,0,1,True,True,-1.43816196,-36.653138039999995,9.19436196,False,49,0.0,31.511799999999997,True,False,,,,True,True,False,3a18d9ab7fb135a52462251da25248a9
nbte2_V_doped,nbte2,V_doped,48,Nb15V1Te32,2,3000,0,1,True,True,-1.4214775,-36.7132225,9.3503775,False,48,0.0,24.162100000000002,True,False,,,,True,True,False,b9bc9f89293ea19d999070da2cf3094b
nbte2_Vacancy-Anion-03,nbte2,Vacancy-Anion-03,47,Nb16Te31,2,3000,0,1,True,True,-1.49126262,-36.65263738,9.01736262,False,47,0.0,37.116299999999995,True,False,,,,True,True,False,0244d3b26c78f975c9bf045179a2068d
nbte2_Vacancy-Anion-06A,nbte2,Vacancy-Anion-06A,46,Nb16Te30,2,3000,0,1,True,True,-1.16474271,-63.21785729,9.19394271,False,46,0.0,35.1393,True,True,False,0.004,0.001,True,False,False,9d43e102de99d81c7a6f6f45a9853334
nbte2_Vacancy-Anion-06B,nbte2,Vacancy-Anion-06B,46,Nb16Te30,2,3000,0,1,True,True,-1.18830865,-62.93659134999999,9.21420865,False,46,0.0,34.75350000000001,True,True,False,0.0,0.0,True,False,False,f5998e637cdda497d42e101acc80c3c8
nbte2_Vacancy-Anion-09A,nbte2,Vacancy-Anion-09A,45,Nb16Te29,2,3000,0,1,True,True,-1.60823101,-36.70526899,8.49813101,False,45,0.0,43.7542,True,False,,,,True,True,False,b287195d9183d4f149dcdb1de0a793a2
nbte2_Vacancy-Anion-09B,nbte2,Vacancy-Anion-09B,45,Nb16Te29,2,3000,0,1,True,True,-1.63435099,-36.87374901,8.52215099,False,45,0.0,44.1542,True,False,,,,True,True,False,1dd4f28aedc55d771811a7194ec0b4c8
nbte2_Vacancy-Anion-12A,nbte2,Vacancy-Anion-12A,44,Nb16Te28,2,3000,0,1,True,True,-1.70762715,-36.52647285,8.65152715,False,44,0.0,39.827500000000015,True,False,,,,True,True,False,bb20b2b454cb8218c10f1a3cc27e8ba7
nbte2_Vacancy-Anion-12B,nbte2,Vacancy-Anion-12B,44,Nb16Te28,2,3000,0,1,True,True,-1.37483256,-62.749467440000004,9.52103256,False,44,0.0,34.06120000000001,True,True,False,0.0,0.0,True,False,False,8540d9c8ff1fad7316d8fe903815998c
nbte2_Vacancy-Metal,nbte2,Vacancy-Metal,47,Nb15Te32,2,3000,0,1,True,True,-1.82809092,-36.38640908,8.82419092,False,47,0.0,24.204300000000003,True,False,,,,True,True,False,3fbdf2dde55c272620ff0ca8c7183931
pbse2_Defect-Free,pbse2,Defect-Free,48,Pb16Se32,2,3000,0,1,True,True,-4.08562393,-15.739376069999999,8.73052393,False,48,0.0,3.6918000000000024,True,False,,,,True,True,False,e308f8540547366c63f1aad429ca17e4
pbse2_Int-Metal,pbse2,Int-Metal,49,Pb17Se32,2,3000,0,1,True,True,-3.57416697,-16.22593303,8.42196697,False,49,0.0,4.5801,True,True,False,0.978,0.286,True,False,False,a3f943dfc8bbb8f1a575a04cacb763dd
pbse2_Vacancy-Anion-03,pbse2,Vacancy-Anion-03,47,Pb16Se31,2,3000,0,1,True,True,-3.66151981,-16.162380189999997,8.37791981,False,47,0.0,5.841199999999998,True,False,,,,True,True,False,814e7f24477acb2e6ae732d2cb8aa0a6
pbse2_Vacancy-Metal,pbse2,Vacancy-Metal,47,Pb15Se32,2,3000,0,1,True,True,-3.94109398,-15.92760602,8.61189398,False,47,0.0,4.837200000000001,True,False,,,,True,True,False,25cf702322d37e81f4fb391d0dbb8333
pbte2_Defect-Free,pbte2,Defect-Free,48,Te32Pb16,2,3000,0,1,True,True,-2.75977576,-14.175624240000001,7.5530757600000005,False,48,0.0,2.355500000000001,True,False,,,,True,True,False,dd5f1a81f9a9b1455a6f48a3ab3d69e8
pbte2_Vacancy-Anion-03,pbte2,Vacancy-Anion-03,47,Te31Pb16,2,3000,0,1,True,True,-2.56829893,-16.162401069999998,7.41519893,False,47,0.0,10.1442,True,False,,,,True,True,False,03a8fc78cef6130eeea7e2518272ff43
pbte2_Vacancy-Metal,pbte2,Vacancy-Metal,47,Te32Pb15,2,3000,0,1,True,True,-2.77579896,-15.438301039999999,7.81519896,False,47,0.0,4.494399999999999,True,False,,,,True,True,False,0259fdc3c85367288493316799fe1701
rete2_Defect-Free,rete2,Defect-Free,48,Re16Te32,2,3000,0,1,True,True,-0.87216514,-16.35343486,7.04786514,False,48,0.0,3.596,True,False,,,,True,True,False,0b21718c6f39de99ee9b82dd5e20e366
rete2_Vacancy-Anion-03,rete2,Vacancy-Anion-03,47,Re16Te31,2,3000,0,1,True,True,-1.29973239,-15.94766761,7.34133239,False,47,0.0,4.9135,True,False,,,,True,True,False,08527c2a9fb40884c82ed5a37533a7db
rus2_Anti-Anion,rus2,Anti-Anion,48,Ru15S33,2,3000,0,1,True,True,-2.80270389,-19.71129611,10.052303890000001,True,48,0.0,7.1623,True,True,False,6.3260000000000005,0.88,True,True,False,79b51353e08fe8eb2e563253eb513b37
rus2_Anti-Metal,rus2,Anti-Metal,48,Ru17S31,2,3000,0,1,True,True,-2.64086687,-17.68283313,9.83426687,False,48,0.0,6.304799999999999,True,False,,,,True,True,False,02b48acdb2679a947ce617624c3f362a
rus2_Defect-Free,rus2,Defect-Free,48,Ru16S32,2,3000,0,1,True,True,-3.33872611,-17.07347389,10.51452611,True,48,0.0,6.4194,True,False,,,,True,True,False,a9c2a3c20b8b8f6a429ede9dc938f683
rus2_Int-Anion,rus2,Int-Anion,49,Ru16S33,2,3000,0,1,True,True,-2.87596452,-19.34953548,10.19696452,True,49,0.0,9.8191,True,True,False,0.005,0.003,True,False,False,c4e73c37e6b1df9da74f5af048f2434a
rus2_Int-Metal,rus2,Int-Metal,49,Ru17S32,2,3000,0,1,True,True,-2.81112192,-17.663678079999997,10.05662192,True,49,0.0,6.528199999999999,True,True,False,0.001,0.001,True,False,False,46f8b4e433036a5ec2a99eca7b7ab0ed
rus2_Ru_adatom,rus2,Ru_adatom,49,Ru17S32,2,3000,0,1,True,True,-2.69641146,-17.53828854,9.78051146,False,49,0.0,6.230200000000001,True,False,,,,True,True,False,fb7a50691f771d3878cbe29b7a3a97b8
rus2_Vacancy-Anion-03,rus2,Vacancy-Anion-03,47,Ru16S31,2,3000,0,1,True,True,-2.63788915,-17.75601085,9.98888915,False,47,0.0,5.7354,True,False,,,,True,True,False,864682bb596e84f01904ae8399b44fec
rus2_Vacancy-Metal,rus2,Vacancy-Metal,47,Ru15S32,2,3000,0,1,True,True,-2.99045364,-17.487946360000002,10.51275364,True,47,0.0,3.764100000000001,True,False,,,,True,True,False,49c397ce3a3cbf268c7b3fb4d1dbc9bc
sno2_Anti-Anion,sno2,Anti-Anion,48,Sn15O33,2,3000,0,1,True,True,-6.91044684,-24.02905316,15.071946839999999,True,48,0.0,7.6433,True,True,False,5.819999999999999,1.755,True,True,False,2153b7bfa01b75f9ade99c68fc8e8f10
sno2_Anti-Metal,sno2,Anti-Metal,48,Sn17O31,2,3000,0,1,True,True,-3.20414498,-24.562055020000003,10.46484498,True,48,0.0,16.3156,True,True,False,0.0,0.0,True,True,False,04a6c1aeb5d1bbcd2f04b86481e56397
sno2_Defect-Free,sno2,Defect-Free,48,Sn16O32,2,3000,0,1,True,True,-7.01838673,-22.04181327,15.13668673,True,48,0.0,2.797600000000001,True,True,False,0.0,0.0,True,True,False,8727f6b419a85d471db34aa858bab632
sno2_Int-Anion,sno2,Int-Anion,49,Sn16O33,2,3000,0,1,True,True,-5.79713193,-24.64936807,14.114931930000001,True,49,0.0,10.0968,True,True,False,0.0,0.0,True,True,False,ffea61fa38c5fbb9751a4ec571aa26de
sno2_Int-Metal,sno2,Int-Metal,49,Sn17O32,2,3000,0,1,True,True,-4.10313293,-24.635067069999998,11.698532929999999,True,49,0.0,3.3336000000000006,True,True,False,1.077,0.03,False,,False,fdf9899f6d5c6a8b3228a115b23b1c02
sno2_Vacancy-Anion-03,sno2,Vacancy-Anion-03,47,Sn16O31,2,3000,0,1,True,True,-5.76822921,-22.660670789999998,14.054229209999999,True,47,0.0,15.532800000000002,True,False,,,,True,True,False,10ff4cf119ab9c70536671a82ac89f5e
sno2_Vacancy-Metal,sno2,Vacancy-Metal,47,Sn15O32,2,3000,0,1,True,True,-6.85354882,-22.39345118,15.17584882,True,47,0.0,4.2362,True,True,False,4.332,0.473,True,True,False,86e4a0f6c13c94bcf37fe50c8ba2bfbb
sns2_Cu_doped,sns2,Cu_doped,48,Cu1Sn15S32,2,3000,0,1,True,True,-4.24180198,-16.471198020000003,10.01550198,True,48,0.0,19.8915,True,False,,,,True,True,False,88fbd1c68e7a9ae254bcee3e45d5f04e
sns2_Defect-Free,sns2,Defect-Free,48,Sn16S32,2,3000,0,1,True,True,-4.65599707,-16.041202929999997,9.82309707,False,48,0.0,3.1218,True,False,,,,True,True,False,cb508a9acc03f7ef0526a4ec65b92fdc
sns2_Fe_doped,sns2,Fe_doped,48,Fe1Sn15S32,2,3000,0,1,True,True,-4.54666944,-16.151230560000002,9.57236944,False,48,0.0,9.947099999999999,True,False,,,,True,True,False,825676cf270e7d0264d5e0bf3d8a3315
sns2_Ge_doped,sns2,Ge_doped,48,Sn15Ge1S32,2,3000,0,1,True,True,-4.66847851,-16.09642149,9.84297851,False,48,0.0,5.8864,True,False,,,,True,True,False,b26e29e47994dfe0159b3e78e95c92c3
sns2_Mn_doped,sns2,Mn_doped,48,Mn1Sn15S32,2,3000,0,1,True,True,-4.60296978,-16.082330220000003,9.64076978,False,48,0.0,16.9275,True,False,,,,True,True,False,0560cee0eb49b57bad18b460c8ced5d2
sns2_Ni_doped,sns2,Ni_doped,48,Ni1Sn15S32,2,3000,0,1,True,True,-4.60366065,-16.11473935,10.43916065,True,48,0.0,11.6022,True,False,,,,True,True,False,6a520188fa39c19a5e5a6b8c0fcb469c
sns2_V_doped,sns2,V_doped,48,V1Sn15S32,2,3000,0,1,True,True,-4.60438082,-16.07151918,9.64808082,False,48,0.0,9.1299,True,False,,,,True,True,False,703fb8a88e06bc458c98d665f70c805a
sns2_Vacancy-Anion-03,sns2,Vacancy-Anion-03,47,Sn16S31,2,3000,0,1,True,True,-3.1768185,-17.4964815,8.5960185,False,47,0.0,4.664,True,False,,,,True,True,False,007a2f26dff997edc2970c298a190e29
sns2_Vacancy-Metal,sns2,Vacancy-Metal,47,Sn15S32,2,3000,0,1,True,True,-4.14275857,-16.575841429999997,9.53555857,False,47,0.0,3.7671,True,False,,,,True,True,False,39e36b128fa50962d9f3e6472cc1d342
snse2_Cu_doped,snse2,Cu_doped,48,Cu1Sn15Se32,2,3000,0,1,True,True,-3.22775881,-17.44074119,9.02545881,False,48,0.0,9.4539,True,False,,,,True,True,False,2ba7f749d830277caa4b804546cd3be5
snse2_Defect-Free,snse2,Defect-Free,48,Sn16Se32,2,3000,0,1,True,True,-3.46003927,-16.48116073,8.63423927,False,48,0.0,2.333999999999998,True,False,,,,True,True,False,9a322546dcd146cd22ddfc3d98344974
snse2_Fe_doped,snse2,Fe_doped,48,Fe1Sn15Se32,2,3000,0,1,True,True,-3.23939616,-17.801803839999998,8.28579616,False,48,0.0,8.0641,True,False,,,,True,True,False,acf4483104e29faabf6d20fe6fc7558a
snse2_Ge_doped,snse2,Ge_doped,48,Sn15Ge1Se32,2,3000,0,1,True,True,-3.68146614,-16.97523386,8.93246614,False,48,0.0,7.458800000000001,True,False,,,,True,True,False,5faca067d31396937d00049823186326
snse2_Mn_doped,snse2,Mn_doped,48,Mn1Sn15Se32,2,3000,0,1,True,True,-3.45850798,-17.15379202,8.50420798,False,48,0.0,12.022999999999998,True,False,,,,True,True,False,89c4a9c76df6f0f84dd5932d3fedcb4f
snse2_Ni_doped,snse2,Ni_doped,48,Ni1Sn15Se32,2,3000,0,1,True,True,-3.478315,-17.202185,9.267415,False,48,0.0,9.7088,True,False,,,,True,True,False,879e63e8c3daf091ecd40dc65453c792
snse2_V_doped,snse2,V_doped,48,V1Sn15Se32,2,3000,0,1,True,True,-3.60767553,-16.98952447,8.66017553,False,48,0.0,7.282800000000001,True,False,,,,True,True,False,a71de53c3b41bfb4c20b00347665e5b2
snse2_Vacancy-Anion-03,snse2,Vacancy-Anion-03,47,Sn16Se31,2,3000,0,1,True,True,-2.9617571,-17.1257429,8.305057099999999,False,47,0.0,6.512199999999998,True,False,,,,True,True,False,4eee7965052c9544226fcfe0c0f9b8eb
snse2_Vacancy-Metal,snse2,Vacancy-Metal,47,Sn15Se32,2,3000,0,1,True,True,-3.73772606,-16.23917394,9.23072606,False,47,0.0,2.7691,True,False,,,,True,True,False,f6f0799f75c1eb6e012906cab5fb25bd
snte2_Cu_doped,snte2,Cu_doped,48,Cu1Sn15Te32,2,3000,0,1,True,True,-2.55890647,-14.44229353,7.9829064700000005,False,48,0.0,49.975500000000004,True,False,,,,True,True,False,4a6776fead90b6edc0bcddb5e974e937
snte2_Defect-Free,snte2,Defect-Free,48,Sn16Te32,2,3000,0,1,True,True,-2.58299776,-14.393902240000001,7.608997759999999,False,48,0.0,2.285200000000001,True,False,,,,True,True,False,f9327658918fac142fa69c488afa8024
snte2_Fe_doped,snte2,Fe_doped,48,Fe1Sn15Te32,2,3000,0,1,True,True,-2.64317541,-14.40132459,7.319375409999999,False,48,0.0,17.8208,True,False,,,,True,True,False,16d5485071d1ff7bc160dc95bcde97ec
snte2_Ge_doped,snte2,Ge_doped,48,Sn15Ge1Te32,2,3000,0,1,True,True,-2.62857448,-14.39252552,7.60637448,False,48,0.0,6.66,True,False,,,,True,True,False,03ba86b330205a2bfe7ffaacf66db3e6
snte2_Mn_doped,snte2,Mn_doped,48,Mn1Sn15Te32,2,3000,0,1,True,True,-2.62217522,-14.38152478,7.38157522,False,48,0.0,24.1506,True,False,,,,True,True,False,0925e1433ea7bc522951751356768ab7
snte2_Ni_doped,snte2,Ni_doped,48,Ni1Sn15Te32,2,3000,0,1,True,True,-2.58794443,-14.44125557,8.02594443,False,48,0.0,10.9007,True,False,,,,True,True,False,680cbf7cd52e8ca17d6b6e6b1a254efd
snte2_V_doped,snte2,V_doped,48,V1Sn15Te32,2,3000,0,1,True,True,-2.68587759,-14.299122409999999,7.37677759,False,48,0.0,11.327399999999999,True,False,,,,True,True,False,07bfebbf982fd3f66697d730cfe6605b
snte2_Vacancy-Anion-03,snte2,Vacancy-Anion-03,47,Sn16Te31,2,3000,0,1,True,True,-2.379527,-14.666973000000002,7.494026999999999,False,47,0.0,4.764599999999998,True,False,,,,True,True,False,259ab38b62622528ed254bb416622154
snte2_Vacancy-Metal,snte2,Vacancy-Metal,47,Sn15Te32,2,3000,0,1,True,True,-2.73830747,-14.285092529999998,7.745707469999999,False,47,0.0,3.0046000000000013,True,False,,,,True,True,False,5a2536a9cb9dcf4b9d1f47c0d130dc81
tas2-A_Anti-2M,tas2-A,Anti-2M,47,Ta17S30,2,3000,0,1,True,True,-2.35259435,-15.567105649999998,7.25209435,False,47,0.0,9.5081,True,True,False,0.017,0.003,True,False,False,b8d17eadb5e597ef746ea6785e3944ce
tas2-A_Anti-Anion,tas2-A,Anti-Anion,48,Ta15S33,2,3000,0,1,True,True,-2.60609584,-19.995304160000003,8.354895840000001,False,48,0.0,8.95,True,False,,,,True,True,False,a0263468054a01fc9eebcd2832b19d07
tas2-A_Anti-Metal,tas2-A,Anti-Metal,48,Ta17S31,2,3000,0,1,True,True,-2.46545904,-17.56554096,8.06325904,False,48,0.0,14.469100000000001,True,False,,,,True,True,False,cebda6a09ed927ac872a13213ab10746
tas2-A_Cu_doped,tas2-A,Cu_doped,48,Ta15Cu1S32,2,3000,0,1,True,True,-2.69338733,-17.58151267,8.391187330000001,False,48,0.0,9.320400000000001,True,True,False,0.0,0.0,True,True,False,4876dd6b66fa6bb1b313825b75b166d7
tas2-A_Defect-Free,tas2-A,Defect-Free,48,Ta16S32,2,3000,0,1,True,True,-2.4689634,-17.7663366,8.2461634,False,48,0.0,5.180399999999999,True,True,False,0.0,0.0,True,True,False,57a1b802b7e871398167f5a4f0c41fec
tas2-A_Doped-Li,tas2-A,Doped-Li,48,Li1Ta15S32,2,3000,0,1,True,True,-2.65466474,-17.643035259999998,8.56866474,False,48,0.0,7.3492000000000015,True,True,False,0.0,0.0,True,True,False,095b75cec56b05f89fa3ed07d196ba09
tas2-A_Fe_doped,tas2-A,Fe_doped,48,Ta15Fe1S32,2,3000,0,1,True,True,-2.63742246,-17.64817754,8.43152246,False,48,0.0,11.6595,True,False,,,,True,True,False,e2e6d36bdbee551d1b0ed389abbe3392
tas2-A_Ni_doped,tas2-A,Ni_doped,48,Ta15Ni1S32,2,3000,0,1,True,True,-2.60261352,-17.692886480000002,8.37241352,False,48,0.0,5.8166,True,False,,,,True,True,False,85064f7d436643335df28df066c6be1e
tas2-A_Ti_doped,tas2-A,Ti_doped,48,Ta15Ti1S32,2,3000,0,1,True,True,-2.52275187,-17.74024813,8.29455187,False,48,0.0,6.7497,True,True,False,0.341,0.062,True,True,False,0bb5d75093da93d5c06428a7d4bf9646
tas2-A_Vacancy-Anion-03,tas2-A,Vacancy-Anion-03,47,Ta16S31,2,3000,0,1,True,True,-2.40411953,-17.80658047,8.05761953,False,47,0.0,3.9885,True,False,,,,True,True,False,9b8d5edcb97c3cdffd69565a97591273
tas2-A_Vacancy-Anion-06A,tas2-A,Vacancy-Anion-06A,46,Ta16S30,2,3000,0,1,True,True,-2.3580892,-15.6828108,7.3179892,False,46,0.0,5.500500000000001,True,True,False,0.242,0.029,True,False,False,1000b6dbe296f1d6327ffdd8ea5aae6b
tas2-A_Vacancy-Anion-06B,tas2-A,Vacancy-Anion-06B,46,Ta16S30,2,3000,0,1,True,True,-2.21116474,-15.835135259999998,7.22056474,False,46,0.0,4.850200000000001,True,True,False,0.009000000000000001,0.002,False,,False,aec7e8bcd6f914b94f7b847cc51c4c38
tas2-A_Vacancy-Anion-09A,tas2-A,Vacancy-Anion-09A,45,Ta16S29,2,3000,0,1,True,True,-2.82967663,-17.37372337,7.81787663,False,45,0.0,5.771400000000002,True,True,False,0.020999999999999998,0.002,True,True,False,28f1c31ea3a68cb7173fbab93c7c7df8
tas2-A_Vacancy-Anion-09B,tas2-A,Vacancy-Anion-09B,45,Ta16S29,2,3000,0,1,True,True,-2.70839973,-17.53960027,7.71469973,False,45,0.0,9.193200000000001,True,False,,,,True,True,False,ec7a5fe3d528d39372dfce790387e4ae
tas2-A_Vacancy-Anion-12A,tas2-A,Vacancy-Anion-12A,44,Ta16S28,2,3000,0,1,True,True,-2.86112179,-17.38657821,8.65572179,False,44,0.0,5.3046999999999995,True,False,,,,True,True,False,07ef6559a6083c3623c3db43ada75233
tas2-A_Vacancy-Anion-12B,tas2-A,Vacancy-Anion-12B,44,Ta16S28,2,3000,0,1,True,True,-2.60163081,-17.65406919,8.58383081,False,44,0.0,5.448700000000001,True,True,False,0.0,0.0,True,True,False,7afcc7eea11b5b283e077ddd19e36963
tas2-A_Vacancy-Metal,tas2-A,Vacancy-Metal,47,Ta15S32,2,3000,0,1,True,True,-2.69319798,-17.63570202,7.84969798,False,47,0.0,4.883300000000001,True,True,False,1.6029999999999995,0.167,True,True,False,91247290ea1697d8e74a7162e0cf6c88
tas2-B_Anti-2M,tas2-B,Anti-2M,47,Ta17S30,2,3000,0,1,True,True,-2.97553646,-17.15716354,8.58023646,False,47,0.0,11.262799999999999,True,False,,,,True,True,False,f4d8fcadfa3ce433d9502f843dc4fcae
tas2-B_Anti-Anion,tas2-B,Anti-Anion,48,Ta15S33,2,3000,0,1,True,True,-3.12855342,-18.791446580000002,8.71475342,False,48,0.0,5.8155,True,False,,,,True,True,False,432c6241976fd25957ee3cc3a76049f2
tas2-B_Anti-Metal,tas2-B,Anti-Metal,48,Ta17S31,2,3000,0,1,True,True,-3.01701795,-17.14588205,8.47211795,False,48,0.0,10.7873,True,False,,,,True,True,False,2b747bf57f396deba0b7775c0c9f1577
tas2-B_Cu_doped,tas2-B,Cu_doped,48,Ta15Cu1S32,2,3000,0,1,True,True,-3.20374088,-17.212859119999997,8.89044088,False,48,0.0,8.0523,True,True,False,5.045,0.688,True,True,False,0e2d9efeb5b671531c0c67defdc38466
tas2-B_Defect-Free,tas2-B,Defect-Free,48,Ta16S32,2,3000,0,1,True,True,-3.34230712,-17.02199288,8.91860712,False,48,0.0,5.100499999999999,True,False,,,,True,True,False,e4b93bfd527c43f21ed877ffc186f79e
tas2-B_Doped-Li,tas2-B,Doped-Li,48,Li1Ta15S32,2,3000,0,1,True,True,-3.44324216,-17.02215784,9.40514216,False,48,0.0,5.532400000000001,True,True,False,3.8970000000000002,0.43,True,True,False,6a44b34765473251f486888072727518
tas2-B_Fe_doped,tas2-B,Fe_doped,48,Ta15Fe1S32,2,3000,0,1,True,True,-3.19007876,-17.28992124,8.64557876,False,48,0.0,10.2895,True,False,,,,True,True,False,ea5e83ca3bc36a3fc2f1a16cd7a9f447
tas2-B_Ni_doped,tas2-B,Ni_doped,48,Ta15Ni1S32,2,3000,0,1,True,True,-3.10664353,-17.39765647,8.577843529999999,False,48,0.0,8.0851,True,True,False,15.742999999999999,0.899,True,True,False,c6de372587456f269c5fe1bab2559285
tas2-B_Ti_doped,tas2-B,Ti_doped,48,Ta15Ti1S32,2,3000,0,1,True,True,-3.28724651,-17.10475349,8.73184651,False,48,0.0,11.592399999999998,True,False,,,,True,True,False,69d23188258cdeb2373528d898702f3b
tas2-B_Vacancy-Anion-03,tas2-B,Vacancy-Anion-03,47,Ta16S31,2,3000,0,1,True,True,-3.16055567,-17.21424433,9.037955669999999,False,47,0.0,10.181700000000001,True,True,False,0.001,0.001,True,True,False,62dfd24b0df8a5edf848bb8efc5229c3
tas2-B_Vacancy-Anion-06A,tas2-B,Vacancy-Anion-06A,46,Ta16S30,2,3000,0,1,True,True,-2.87252988,-15.30597012,7.86652988,False,46,0.0,6.7374,True,True,False,0.7240000000000001,0.064,False,,False,2e4168ea51077735c61859031ae4717d
tas2-B_Vacancy-Anion-06B,tas2-B,Vacancy-Anion-06B,46,Ta16S30,2,3000,0,1,True,True,-2.93106338,-15.294236620000001,7.9965633799999996,False,46,0.0,7.163200000000001,True,True,False,0.116,0.021,False,,False,c733c30bcc69bad8d15cbc7423aa2484
tas2-B_Vacancy-Anion-09A,tas2-B,Vacancy-Anion-09A,45,Ta16S29,2,3000,0,1,True,True,-2.81546218,-17.456337819999998,7.97956218,False,45,0.0,6.956799999999999,True,False,,,,True,True,False,9b507c3f452668cfa3470859b586a803
tas2-B_Vacancy-Anion-09B,tas2-B,Vacancy-Anion-09B,45,Ta16S29,2,3000,0,1,True,True,-3.03908369,-17.38701631,8.014983690000001,False,45,0.0,6.909700000000001,True,True,False,4.834999999999999,1.108,True,True,False,61c3f722a662ee43b3ad9948b129c843
tas2-B_Vacancy-Anion-12A,tas2-B,Vacancy-Anion-12A,44,Ta16S28,2,3000,0,1,True,True,-2.71319177,-17.547008230000003,8.84509177,False,44,0.0,7.563399999999999,True,True,False,0.0,0.0,True,True,False,075076eeb6fa5e98510b641910edf2dc
tas2-B_Vacancy-Anion-12B,tas2-B,Vacancy-Anion-12B,44,Ta16S28,2,3000,0,1,True,True,-2.94469604,-15.217803960000001,7.39379604,False,44,0.0,6.568899999999999,True,True,False,0.06,0.013,True,False,False,45835e9554fba5a85e0f167195d1e7ac
tas2-B_Vacancy-Metal,tas2-B,Vacancy-Metal,47,Ta15S32,2,3000,0,1,True,True,-3.48912855,-17.04437145,9.47372855,False,47,0.0,4.7649,True,True,False,3.341999999999999,0.468,True,True,False,b9efa53f6017b7b23691c84efeb74fe9
tase2-A_Anti-Anion,tase2-A,Anti-Anion,48,Ta15Se33,2,3000,0,1,True,True,-2.47762509,-18.75017491,7.89382509,False,48,0.0,10.0046,True,True,False,0.0,0.0,True,True,False,3ff5b7983e650465dbe7dbfbedbc3905
tase2-A_Anti-Metal,tase2-A,Anti-Metal,48,Ta17Se31,2,3000,0,1,True,True,-2.48742971,-17.10637029,7.59182971,False,48,0.0,14.291399999999998,True,False,,,,True,True,False,e1f2c0b9658f0b53bcb6c2d0dc4d5abf
tase2-A_Cu_doped,tase2-A,Cu_doped,48,Ta15Cu1Se32,2,3000,0,1,True,True,-2.49614186,-17.304058140000002,7.64704186,False,48,0.0,9.088499999999998,True,False,,,,True,True,False,f5b8084d39d79b9a52c2aae485dbb68b
tase2-A_Defect-Free,tase2-A,Defect-Free,48,Ta16Se32,2,3000,0,1,True,True,-2.24876708,-17.47233292,7.5669670799999995,False,48,0.0,5.5455,True,True,False,0.0,0.0,True,True,False,154505b8a5d694d220621afd2c878cf9
tase2-A_Doped-Li,tase2-A,Doped-Li,48,Li1Ta15Se32,2,3000,0,1,True,True,-2.66566175,-17.138738250000003,8.236961749999999,False,48,0.0,6.112799999999999,True,True,False,0.0,0.0,True,True,False,425cb4b93d0b2648ae656a69fa7c4285
tase2-A_Fe_doped,tase2-A,Fe_doped,48,Ta15Fe1Se32,2,3000,0,1,True,True,-2.47472318,-17.29767682,7.72082318,False,48,0.0,8.361199999999998,True,False,,,,True,True,False,84e8fb21961f8ab1fb933f77baf1c64d
tase2-A_Int-Anion,tase2-A,Int-Anion,49,Ta16Se33,2,3000,0,1,True,True,-2.34571894,-16.67388106,7.316918939999999,False,49,0.0,11.9696,True,True,False,0.06,0.006,True,False,False,f67ff8ccc3a95e7c3f9907777461158f
tase2-A_Int-Metal,tase2-A,Int-Metal,49,Ta17Se32,2,3000,0,1,True,True,-2.22403675,-15.48976325,7.16403675,False,49,0.0,6.8977,True,True,False,0.01,0.002,False,,False,b0466a8c77602ebcbbc06914d3034ec7
tase2-A_Ni_doped,tase2-A,Ni_doped,48,Ta15Ni1Se32,2,3000,0,1,True,True,-2.49304449,-17.30555551,7.75224449,False,48,0.0,8.2211,True,False,,,,True,True,False,b08a2a752080a998541d7cd26bedc28c
tase2-A_Ti_doped,tase2-A,Ti_doped,48,Ta15Ti1Se32,2,3000,0,1,True,True,-2.41864685,-17.346253150000003,7.68144685,False,48,0.0,9.629899999999997,True,False,,,,True,True,False,b482a17269f77fb3983e4f5c68fed152
tase2-A_Vacancy-Anion-03,tase2-A,Vacancy-Anion-03,47,Ta16Se31,2,3000,0,1,True,True,-2.34940869,-17.36409131,7.23320869,False,47,0.0,5.151899999999999,True,True,False,1.062,0.161,True,False,False,504e87edcf762a04b7b487e22f9d4d90
tase2-A_Vacancy-Anion-06A,tase2-A,Vacancy-Anion-06A,46,Ta16Se30,2,3000,0,1,True,True,-2.21201741,-15.514582590000002,6.8081174099999995,False,46,0.0,9.887199999999998,True,True,False,0.87,0.086,True,False,False,94d3f4a9943315df2db1161517c0baea
tase2-A_Vacancy-Anion-06B,tase2-A,Vacancy-Anion-06B,46,Ta16Se30,2,3000,0,1,True,True,-2.44318352,-17.306916479999998,7.90118352,False,46,0.0,4.753,True,True,False,0.0,0.0,True,True,False,7eb6ffe4844fc6844516817741c89b83
tase2-A_Vacancy-Anion-09A,tase2-A,Vacancy-Anion-09A,45,Ta16Se29,2,3000,0,1,True,True,-2.6658447,-17.0623553,7.3228447,False,45,0.0,4.3468,True,False,,,,True,True,False,3ac5a06e838ef02871acd3026d7b7d3b
tase2-A_Vacancy-Anion-09B,tase2-A,Vacancy-Anion-09B,45,Ta16Se29,2,3000,0,1,True,True,-2.66787845,-17.10062155,7.33107845,False,45,0.0,11.5719,True,False,,,,True,True,False,d81a11af144bdb3fbcb14fb3d3de4e56
tase2-A_Vacancy-Anion-12A,tase2-A,Vacancy-Anion-12A,44,Ta16Se28,2,3000,0,1,True,True,-2.68987769,-17.050422310000002,7.5183776899999994,False,44,0.0,5.6895,True,False,,,,True,True,False,b11c35dad8120fc5bb9aa2f10a81d9d8
tase2-A_Vacancy-Anion-12B,tase2-A,Vacancy-Anion-12B,44,Ta16Se28,2,3000,0,1,True,True,-2.42543215,-15.38266785,6.5894321499999995,False,44,0.0,7.2025999999999994,True,True,False,0.5720000000000001,0.251,True,False,False,d8a80835a2144185411be0bf841f4115
tase2-A_Vacancy-Metal,tase2-A,Vacancy-Metal,47,Ta15Se32,2,3000,0,1,True,True,-2.50819393,-17.338406069999998,7.83019393,False,47,0.0,5.044400000000002,True,False,,,,True,True,False,2a6ee132d9be85026118ead6ce8127e8
tase2-B_Anti-Anion,tase2-B,Anti-Anion,48,Ta15Se33,2,3000,0,1,True,True,-2.8375722,-18.3971278,8.2162722,False,48,0.0,8.6084,True,False,,,,True,True,False,eaae8e03c29713cc4aafabf6ad455b48
tase2-B_Anti-Metal,tase2-B,Anti-Metal,48,Ta17Se31,2,3000,0,1,True,True,-2.85243332,-16.84306668,8.06913332,False,48,0.0,15.5002,True,False,,,,True,True,False,305235d0f41111d96d5caffaf5910f0e
tase2-B_Cu_doped,tase2-B,Cu_doped,48,Ta15Cu1Se32,2,3000,0,1,True,True,-3.03650834,-16.85189166,8.365608340000001,False,48,0.0,8.175,True,True,False,5.886,0.766,True,True,False,e867d1a5cf86eb95459f81c22b63cb7d
tase2-B_Defect-Free,tase2-B,Defect-Free,48,Ta16Se32,2,3000,0,1,True,True,-2.82769079,-17.093009209999998,8.05339079,False,48,0.0,3.2119999999999997,True,False,,,,True,True,False,a56bab9d1f43e8028ead31be60533284
tase2-B_Doped-Li,tase2-B,Doped-Li,48,Li1Ta15Se32,2,3000,0,1,True,True,-3.17113995,-16.76726005,8.79413995,False,48,0.0,6.140400000000001,True,True,False,4.463,0.469,True,True,False,8cffd88da342e9ac7a0acd97bb1b1e97
tase2-B_Fe_doped,tase2-B,Fe_doped,48,Ta15Fe1Se32,2,3000,0,1,True,True,-2.92112694,-17.03887306,8.03362694,False,48,0.0,10.5458,True,False,,,,True,True,False,60bccc1f0d839cf746582a3b98fffb31
tase2-B_Ni_doped,tase2-B,Ni_doped,48,Ta15Ni1Se32,2,3000,0,1,True,True,-2.89608973,-17.06251027,8.07878973,False,48,0.0,9.4199,True,False,,,,True,True,False,b75bb4dea3671e0edc269e90ece04956
tase2-B_Ti_doped,tase2-B,Ti_doped,48,Ta15Ti1Se32,2,3000,0,1,True,True,-2.98266432,-16.87053568,8.22556432,False,48,0.0,12.3858,True,False,,,,True,True,False,4b2f4f309fcd14b09f18a58134cc16a5
tase2-B_Vacancy-Anion-03,tase2-B,Vacancy-Anion-03,47,Ta16Se31,2,3000,0,1,True,True,-2.92699923,-16.90010077,7.6736992299999995,False,47,0.0,7.7035,True,True,False,4.9289999999999985,0.72,False,,False,eaee458bbf2f1247c1dcd98ef29b5dd3
tase2-B_Vacancy-Anion-06A,tase2-B,Vacancy-Anion-06A,46,Ta16Se30,2,3000,0,1,True,True,-2.62453085,-15.16216915,7.23583085,False,46,0.0,8.4049,True,True,False,0.10200000000000001,0.012,True,False,False,e55db8ca3824afc9bd781f638b2890fb
tase2-B_Vacancy-Anion-06B,tase2-B,Vacancy-Anion-06B,46,Ta16Se30,2,3000,0,1,True,True,-2.60433441,-15.20056559,7.29193441,False,46,0.0,7.0221,True,True,False,0.547,0.097,True,False,False,3d4c6c6c77a8b62295108fd1631453f6
tase2-B_Vacancy-Anion-09A,tase2-B,Vacancy-Anion-09A,45,Ta16Se29,2,3000,0,1,True,True,-2.5723511,-17.2248489,8.205551100000001,False,45,0.0,7.5834,True,True,False,3.284,0.293,True,True,False,c4075cbcc0053184d1099395326ceac5
tase2-B_Vacancy-Anion-09B,tase2-B,Vacancy-Anion-09B,45,Ta16Se29,2,3000,0,1,True,True,-2.71447573,-17.14072427,8.09487573,False,45,0.0,7.2988,True,False,,,,True,True,False,1de327789271438a13000afa1ca4a5c8
tase2-B_Vacancy-Anion-12A,tase2-B,Vacancy-Anion-12A,44,Ta16Se28,2,3000,0,1,True,True,-2.52740618,-17.18769382,7.41030618,False,44,0.0,8.6976,True,False,,,,True,True,False,41f976081d35eb30fcd6baaae8607ab6
tase2-B_Vacancy-Anion-12B,tase2-B,Vacancy-Anion-12B,44,Ta16Se28,2,3000,0,1,True,True,-2.7356072,-15.0446928,6.852007199999999,False,44,0.0,8.012699999999999,True,True,False,0.05600000000000001,0.013,True,False,False,4fafadfd5a8d48ce649a9a7f1ca106fb
tase2-B_Vacancy-Metal,tase2-B,Vacancy-Metal,47,Ta15Se32,2,3000,0,1,True,True,-3.04498765,-16.844512350000002,7.90968765,False,47,0.0,6.4632000000000005,True,True,False,6.603999999999998,0.579,True,False,False,b47ec1684110f0052353888628984b2d
tate2-A_Anti-2M,tate2-A,Anti-2M,47,Ta17Te30,2,3000,0,1,True,True,-1.83095837,-14.77754163,6.61675837,False,47,0.0,4.8767000000000005,True,True,False,5.562000000000001,0.613,False,,False,155dc2ca026a2a8f5c3f5ae581d11d14
tate2-A_Anti-Anion,tate2-A,Anti-Anion,48,Ta15Te33,2,3000,0,1,True,True,-1.76889607,-15.76130393,7.59489607,False,48,0.0,7.712,True,True,False,2.9270000000000005,0.308,False,,False,7590e2a7822e378a80feda993679a288
tate2-A_Anti-Metal,tate2-A,Anti-Metal,48,Ta17Te31,2,3000,0,1,True,True,-1.75621508,-14.88208492,7.76161508,False,48,0.0,8.8369,True,False,,,,True,True,False,e1259a59262cb4598a080784f237e0a2
tate2-A_Cu_doped,tate2-A,Cu_doped,48,Ta15Cu1Te32,2,3000,0,1,True,True,-1.6686556,-15.0925444,7.0056556,False,48,0.0,25.3816,True,False,,,,True,True,False,4434b3d3ef5f89dcf9cb2667b2742e10
tate2-A_Defect-Free,tate2-A,Defect-Free,48,Ta16Te32,2,3000,0,1,True,True,-1.78437038,-14.975229619999999,7.4428703800000005,False,48,0.0,4.086399999999999,True,False,,,,True,True,False,865108b95c07ab98e2b9aff1bb7e2bd9
tate2-A_Doped-Li,tate2-A,Doped-Li,48,Li1Ta15Te32,2,3000,0,1,True,True,-1.86218369,-14.83781631,7.49988369,False,48,0.0,5.697600000000001,True,False,,,,True,True,False,5904ac276558f638de5ee1e53ae20c93
tate2-A_Fe_doped,tate2-A,Fe_doped,48,Ta15Fe1Te32,2,3000,0,1,True,True,-1.81924688,-14.994153120000002,7.31734688,False,48,0.0,11.950800000000001,True,False,,,,True,True,False,0c150101775b78f3cff9f5c9b849a633
tate2-A_Ni_doped,tate2-A,Ni_doped,48,Ta15Ni1Te32,2,3000,0,1,True,True,-1.78710117,-14.98009883,7.21190117,False,48,0.0,12.062199999999999,True,False,,,,True,True,False,b836e508652fcbace7344d68c6d7e5f9
tate2-A_Ti_doped,tate2-A,Ti_doped,48,Ta15Ti1Te32,2,3000,0,1,True,True,-1.85985021,-14.846949790000002,7.93955021,False,48,0.0,16.71,True,False,,,,True,True,False,222023866f950e3df0bb682652d1c47c
tate2-A_Vacancy-Anion-03,tate2-A,Vacancy-Anion-03,47,Ta16Te31,2,3000,0,1,True,True,-1.76620621,-14.92269379,7.30060621,False,47,0.0,6.0341000000000005,True,False,,,,True,True,False,f824c0fb636a026513567c823f075cf7
tate2-A_Vacancy-Anion-06A,tate2-A,Vacancy-Anion-06A,46,Ta16Te30,2,3000,0,1,True,True,-1.64604238,-13.287257619999998,6.56264238,False,46,0.0,6.0619,True,True,False,0.65,0.12,True,False,False,f4fc752e30be0afcfc4242aeb8b07cff
tate2-A_Vacancy-Anion-06B,tate2-A,Vacancy-Anion-06B,46,Ta16Te30,2,3000,0,1,True,True,-1.64304772,-13.299352279999999,6.518647720000001,False,46,0.0,7.0611999999999995,True,True,False,0.628,0.122,True,False,False,a96221c5358d55b1d1e589403916958c
tate2-A_Vacancy-Anion-09A,tate2-A,Vacancy-Anion-09A,45,Ta16Te29,2,3000,0,1,True,True,-1.78294942,-14.85765058,6.6770494199999995,False,45,0.0,5.8747,True,False,,,,True,True,False,68cef2cfe39c14de98b265059b88b9d6
tate2-A_Vacancy-Anion-09B,tate2-A,Vacancy-Anion-09B,45,Ta16Te29,2,3000,0,1,True,True,-1.66556705,-14.97933295,6.43066705,False,45,0.0,6.1062,True,False,,,,True,True,False,f9cec1cd2eef969c9ced218314823fc2
tate2-A_Vacancy-Anion-12A,tate2-A,Vacancy-Anion-12A,44,Ta16Te28,2,3000,0,1,True,True,-1.75993994,-14.87226006,6.71923994,False,44,0.0,5.7661,True,False,,,,True,True,False,276cc999bc3e429b295e0f752f411132
tate2-A_Vacancy-Anion-12B,tate2-A,Vacancy-Anion-12B,44,Ta16Te28,2,3000,0,1,True,True,-1.74485467,-13.21244533,6.085254669999999,False,44,0.0,10.3107,True,True,False,0.033,0.006,True,False,False,065a04bab5659023f7d8921dfb64d05a
tate2-A_Vacancy-Metal,tate2-A,Vacancy-Metal,47,Ta15Te32,2,3000,0,1,True,True,-1.49538919,-15.675910809999998,7.15348919,False,47,0.0,4.3163,True,False,,,,True,True,False,356df88d249edeb68a868aab1bc09725
tate2-B_Anti-Anion,tate2-B,Anti-Anion,48,Ta15Te33,2,3000,0,1,True,True,-1.51984662,-15.84825338,7.07624662,False,48,0.0,8.021899999999999,True,False,,,,True,True,False,bb129ab761a265974e4e5fc1743054d8
tate2-B_Anti-Metal,tate2-B,Anti-Metal,48,Ta17Te31,2,3000,0,1,True,True,-1.21324574,-15.35995426,6.6305457400000005,False,48,0.0,9.805299999999999,True,False,,,,True,True,False,8fd517b48338d6017bed9549c7b3b44b
tate2-B_Cu_doped,tate2-B,Cu_doped,48,Ta15Cu1Te32,2,3000,0,1,True,True,-1.52280951,-15.16009049,6.99600951,False,48,0.0,19.267400000000002,True,False,,,,True,True,False,35509967c2f54e03a5abe95942f8efd4
tate2-B_Defect-Free,tate2-B,Defect-Free,48,Ta16Te32,2,3000,0,1,True,True,-1.19183327,-15.41016673,6.72673327,False,48,0.0,3.6117999999999997,True,False,,,,True,True,False,313911801b15748a05c1221d90b761e8
tate2-B_Doped-Li,tate2-B,Doped-Li,48,Li1Ta15Te32,2,3000,0,1,True,True,-1.53005966,-15.120340340000002,7.26345966,False,48,0.0,5.4388,True,False,,,,True,True,False,1e0eedba4a8aae3a2bf7f62341b0fa50
tate2-B_Fe_doped,tate2-B,Fe_doped,48,Ta15Fe1Te32,2,3000,0,1,True,True,-1.51874809,-15.165951909999999,6.92424809,False,48,0.0,5.8727,True,False,,,,True,True,False,bb0f97cf2b64eef3f23f41fc2a63ed52
tate2-B_Int-Anion,tate2-B,Int-Anion,49,Ta16Te33,2,3000,0,1,True,True,-1.327404,-14.400396,6.601203999999999,False,49,0.0,10.6724,True,True,False,0.012,0.002,True,False,False,d0db35598efb2b4dd41608d6a39223b8
tate2-B_Int-Metal,tate2-B,Int-Metal,49,Ta17Te32,2,3000,0,1,True,True,-1.25734672,-13.634353280000001,6.41134672,False,49,0.0,4.4560999999999975,True,True,False,0.006,0.001,True,False,False,64f4f234d3f18d15f1ee631349e0da8a
tate2-B_Ni_doped,tate2-B,Ni_doped,48,Ta15Ni1Te32,2,3000,0,1,True,True,-1.52750269,-15.145197309999999,7.0427026900000005,False,48,0.0,9.9455,True,False,,,,True,True,False,1db7fdc81bda6d223f57cf3ffc4c0e06
tate2-B_Ti_doped,tate2-B,Ti_doped,48,Ta15Ti1Te32,2,3000,0,1,True,True,-1.4580677,-15.1831323,7.0222677,False,48,0.0,15.3354,True,False,,,,True,True,False,c00ae99b6a32ff7e2d1f053ac7881beb
tate2-B_Vacancy-Anion-03,tate2-B,Vacancy-Anion-03,47,Ta16Te31,2,3000,0,1,True,True,-1.37802481,-15.32017519,6.85722481,False,47,0.0,5.501600000000001,True,False,,,,True,True,False,34a851f468c31c64902679dda8929fa1
tate2-B_Vacancy-Anion-06A,tate2-B,Vacancy-Anion-06A,46,Ta16Te30,2,3000,0,1,True,True,-1.49496435,-13.48613565,6.31006435,False,46,0.0,4.1147,True,True,False,0.006,0.001,True,False,False,aeff8b2f5da4586b0eb75300ad9939f6
tate2-B_Vacancy-Anion-06B,tate2-B,Vacancy-Anion-06B,46,Ta16Te30,2,3000,0,1,True,True,-1.53188297,-13.45831703,6.22098297,False,46,0.0,4.9555,True,True,False,0.43000000000000005,0.074,True,False,False,e37a60ef9a7399ae2e6d9b1f7aaa2361
tate2-B_Vacancy-Anion-09A,tate2-B,Vacancy-Anion-09A,45,Ta16Te29,2,3000,0,1,True,True,-1.62823217,-15.02976783,6.3088321700000005,False,45,0.0,5.324199999999999,True,False,,,,True,True,False,947e950683580e8fa123a153a1a67ca1
tate2-B_Vacancy-Anion-09B,tate2-B,Vacancy-Anion-09B,45,Ta16Te29,2,3000,0,1,True,True,-1.71976891,-15.03813109,6.45626891,False,45,0.0,8.4992,True,False,,,,True,True,False,6967f6c82b77eb9043beb5a43acc277d
tate2-B_Vacancy-Anion-12A,tate2-B,Vacancy-Anion-12A,44,Ta16Te28,2,3000,0,1,True,True,-1.70181328,-14.98908672,6.54771328,False,44,0.0,8.887299999999998,True,False,,,,True,True,False,9f5684d99236e687012c33623ba5bd76
tate2-B_Vacancy-Anion-12B,tate2-B,Vacancy-Anion-12B,44,Ta16Te28,2,3000,0,1,True,True,-1.56474949,-13.53825051,5.908249489999999,False,44,0.0,6.290499999999999,True,True,False,1.079,0.425,False,,False,6469b776cfa1b709cb8647a216b6941f
tate2-B_Vacancy-Metal,tate2-B,Vacancy-Metal,47,Ta15Te32,2,3000,0,1,True,True,-1.64300336,-15.015096640000001,6.97640336,False,47,0.0,4.712500000000003,True,True,False,0.003,0.001,False,,False,13e0c7dbfb9d4cce8d6ef5a7d024a7f0
tis2_Adatom-K,tis2,Adatom-K,49,K1Ti16S32,2,3000,0,1,True,True,-2.75409014,-36.18680986,8.17779014,False,49,0.0,46.41260000000001,True,True,False,1.3140000000000003,0.077,False,,False,39c85dc2eb2c4d0ab3be2b18b605c43e
tis2_Adatom-Li,tis2,Adatom-Li,49,Li1Ti16S32,2,3000,0,1,True,True,-3.11341137,-16.841388629999997,7.9088113700000005,False,49,0.0,11.2293,True,True,False,1.3430000000000002,0.083,False,,False,4d4c0dcd77da642b506c5a71a0acdcb2
tis2_Adatom-Na,tis2,Adatom-Na,49,Na1Ti16S32,2,3000,0,1,True,True,-2.9064981,-16.8614019,7.7008981,False,49,0.0,10.647099999999998,True,True,False,1.3150000000000004,0.079,False,,False,1d1776a0ed1959fc3f8ffe6019a46b6d
tis2_Anti-Anion,tis2,Anti-Anion,48,Ti15S33,2,3000,0,1,True,True,-4.3616777,-18.1198223,9.4366777,False,48,0.0,9.975000000000001,True,True,False,0.0,0.0,False,,False,e63c21ce52768e2168a43b56e841a022
tis2_Anti-Metal,tis2,Anti-Metal,48,Ti17S31,2,3000,0,1,True,True,-3.0994564,-17.0219436,7.6790564,False,48,0.0,7.849,True,True,False,4.206,1.633,False,,False,49205f75961d4a618ab4738c55f1fe3a
tis2_Cu_doped,tis2,Cu_doped,48,Ti15Cu1S32,2,3000,0,1,True,True,-3.83783068,-16.44666932,9.31913068,False,48,0.0,17.0326,True,True,False,1.036,0.181,True,True,False,d825cfbb77dd9996e4242b8ae355e3c5
tis2_Defect-Free,tis2,Defect-Free,48,Ti16S32,2,3000,0,1,True,True,-4.675407,-15.521892999999999,9.451307,False,48,0.0,12.387500000000003,True,True,False,0.0,0.0,False,,False,bc81002fa607b651e640ce6d3ed499f4
tis2_Nb_doped,tis2,Nb_doped,48,Ti15Nb1S32,2,3000,0,1,True,True,-3.80575821,-62.85484179,10.74975821,True,48,0.0,20.633899999999997,True,True,False,1.0959999999999999,0.41,False,,False,244bc3bf59a0ce93c4f29e22ed929eb6
tis2_V_doped,tis2,V_doped,48,Ti15V1S32,2,3000,0,1,True,True,-4.64758986,-15.58371014,9.40858986,False,48,0.0,12.062,True,True,False,1.5770000000000002,1.124,False,,False,f4f640299268f1296b8a1ff9e6cca889
tis2_Vacancy-Anion-03,tis2,Vacancy-Anion-03,47,Ti16S31,2,3000,0,1,True,True,-3.72016286,-16.465237140000003,8.69716286,False,47,0.0,9.087700000000002,True,True,False,2.715,0.309,False,,False,ab661a5c1def2d4a794282e2e579f110
tis2_Vacancy-Anion-06A,tis2,Vacancy-Anion-06A,46,Ti16S30,2,3000,0,1,True,True,-3.66736164,-16.53233836,9.41586164,False,46,0.0,7.3389,True,True,False,2.6999999999999997,0.247,True,True,False,adf1fcd719886ef1f1e0bfd9a0670233
tis2_Vacancy-Anion-06B,tis2,Vacancy-Anion-06B,46,Ti16S30,2,3000,0,1,True,True,-3.59367864,-16.57332136,9.28867864,False,46,0.0,9.077,True,True,False,4.023,0.425,True,True,False,1ff7451424bd2ef44f3e978bee13aad4
tis2_Vacancy-Anion-09A,tis2,Vacancy-Anion-09A,45,Ti16S29,2,3000,0,1,True,True,-3.7290531,-16.406146900000003,8.1283531,False,45,0.0,8.3657,True,True,False,0.0,0.0,True,True,False,861e01ffa298d9c0a455d815d9131d19
tis2_Vacancy-Anion-09B,tis2,Vacancy-Anion-09B,45,Ti16S29,2,3000,0,1,True,True,-3.49112012,-16.59427988,8.93622012,False,45,0.0,9.7609,True,False,,,,True,True,False,77759db87b1ef61fb6159bc38b5849c8
tis2_Vacancy-Anion-12A,tis2,Vacancy-Anion-12A,44,Ti16S28,2,3000,0,1,True,True,-3.74757997,-16.38172003,8.25657997,False,44,0.0,10.0777,True,True,False,0.0,0.0,True,True,False,b026d14a124febf472100b1f678b1a0b
tis2_Vacancy-Anion-12B,tis2,Vacancy-Anion-12B,44,Ti16S28,2,3000,0,1,True,True,-3.43430321,-16.61369679,7.92570321,False,44,0.0,7.8973,True,True,False,5.6850000000000005,0.574,True,True,False,00c5fc24f0e0d7ddda10dcd6edbe0557
tis2_Vacancy-Metal,tis2,Vacancy-Metal,47,Ti15S32,2,3000,0,1,True,True,-3.47922872,-19.08397128,9.39832872,False,47,0.0,8.1743,True,True,False,2.7630000000000003,0.214,True,True,False,351f69d8184a89169805ef1349a48c83
tis2_Zr_doped,tis2,Zr_doped,48,Zr1Ti15S32,2,3000,0,1,True,True,-4.59630679,-54.80419321,11.28250679,True,48,0.0,41.436700000000016,True,True,False,0.0,0.0,False,,False,2d99fc88d5b9cd407875c5316e71e36c
tise2_Adatom-K,tise2,Adatom-K,49,K1Ti16Se32,2,3000,0,1,True,True,-2.45246701,-18.03203299,7.32716701,False,49,0.0,60.200100000000006,True,False,,,,True,True,False,3d44e363f2cd7ede2c67b609cdde5c8c
tise2_Adatom-Li,tise2,Adatom-Li,49,Li1Ti16Se32,2,3000,0,1,True,True,-2.72294935,-16.73855065,7.847649349999999,False,49,0.0,8.6953,True,True,False,0.0,0.0,True,True,False,4f8b482dc7e676695fd040c987560595
tise2_Adatom-Na,tise2,Adatom-Na,49,Na1Ti16Se32,2,3000,0,1,True,True,-2.56545563,-16.73324437,7.663055630000001,False,49,0.0,8.789000000000001,True,True,False,0.0,0.0,True,True,False,8528ee3bf582449a73ad76428e6e4dc7
tise2_Anti-Anion,tise2,Anti-Anion,49,K1Ti16Se32,2,3000,0,1,True,True,-2.44239925,-18.03800075,7.437299250000001,False,49,0.0,60.16510000000001,True,True,False,0.0,0.0,True,True,False,f0f16b6758026c48402230bc1463c9e3
tise2_Anti-Metal,tise2,Anti-Metal,48,Ti17Se31,2,3000,0,1,True,True,-3.01507372,-16.49192628,6.7641737200000005,False,48,0.0,7.823,True,False,,,,True,True,False,fc9cdaf0db46128cf828f09b0b3d4c17
tise2_Cu_doped,tise2,Cu_doped,48,Ti15Cu1Se32,2,3000,0,1,True,True,-3.38084437,-16.35565563,8.39144437,False,48,0.0,15.2514,True,False,,,,True,True,False,273b01b6d07220f24656425d6e6fca2d
tise2_Defect-Free,tise2,Defect-Free,48,Ti16Se32,2,3000,0,1,True,True,-2.98972,-16.681179999999998,8.07582,False,48,0.0,8.9562,True,True,False,0.0,0.0,True,True,False,77db0ac718af546cdb5f1c62859a0949
tise2_Nb_doped,tise2,Nb_doped,48,Ti15Nb1Se32,2,3000,0,1,True,True,-2.99688102,-37.20871898,8.93918102,False,48,0.0,25.9585,True,True,False,0.6120000000000001,0.162,True,True,False,c3e4bf28a71d49113d9fa14db39736d5
tise2_V_doped,tise2,V_doped,48,Ti15V1Se32,2,3000,0,1,True,True,-3.30866221,-16.38293779,7.834662209999999,False,48,0.0,7.794700000000001,True,True,False,3.137,1.983,False,,False,d075fbdd8c649d435569139efc00ac96
tise2_Vacancy-Anion-03,tise2,Vacancy-Anion-03,47,Ti16Se31,2,3000,0,1,True,True,-3.26464875,-16.404051250000002,7.87834875,False,47,0.0,6.3994,True,True,False,3.292000000000001,0.312,False,,False,06ae08693901118a24df0ff21a472dc0
tise2_Vacancy-Anion-06A,tise2,Vacancy-Anion-06A,46,Ti16Se30,2,3000,0,1,True,True,-3.03137254,-14.61352746,6.76277254,False,46,0.0,6.0421,True,True,False,3.6060000000000003,0.389,False,,False,a3a244793baee453421c0190e8501c37
tise2_Vacancy-Anion-06B,tise2,Vacancy-Anion-06B,46,Ti16Se30,2,3000,0,1,True,True,-3.02534188,-14.633158120000001,6.653541880000001,False,46,0.0,8.107800000000001,True,True,False,2.339,0.243,False,,False,27a54d449d7ac8df0361de56e2dcfb6a
tise2_Vacancy-Anion-09A,tise2,Vacancy-Anion-09A,46,Ti16Se30,2,3000,0,1,True,True,-3.04583784,-14.59286216,6.53893784,False,46,0.0,11.7167,True,True,False,6.931999999999999,1.085,False,,False,2e1ab9708b24febea922d182d1f60606
tise2_Vacancy-Anion-09B,tise2,Vacancy-Anion-09B,45,Ti16Se29,2,3000,0,1,True,True,-3.53706602,-16.02383398,7.49816602,False,45,0.0,8.1279,True,True,False,8.145,0.662,False,,False,76c3946f7b4ad4840b9409f54745732f
tise2_Vacancy-Anion-12A,tise2,Vacancy-Anion-12A,44,Ti16Se28,2,3000,0,1,True,True,-3.32547218,-16.247327820000002,7.52907218,False,44,0.0,5.624100000000001,True,True,False,10.175999999999998,0.732,True,True,False,b4ee809bdaba77213c9aa6a14826cb80
tise2_Vacancy-Anion-12B,tise2,Vacancy-Anion-12B,44,Ti16Se28,2,3000,0,1,True,True,-2.96567188,-14.649628120000001,6.6847718799999996,False,44,0.0,8.935300000000002,True,True,False,5.074000000000001,1.055,True,False,False,878b44f87d7b625f61fef5c7a46fdab6
tise2_Vacancy-Metal,tise2,Vacancy-Metal,47,Ti15Se32,2,3000,0,1,True,True,-3.76459748,-16.025802520000003,9.00199748,False,47,0.0,8.1047,True,True,False,0.0,0.0,True,True,False,94ca824f9e5270bd4190a48d936d15a1
tise2_Zr_doped,tise2,Zr_doped,48,Zr1Ti15Se32,2,3000,0,1,True,True,-2.95905812,-56.37204188,9.444958119999999,False,48,0.0,57.2462,True,True,False,0.0,0.0,False,,False,b8cdf2e35430c63bd849dbefba39f62f
tite2-A_Defect-Free,tite2-A,Defect-Free,48,Ti16Te32,2,3000,0,1,True,True,-1.81066503,-14.65033497,6.21106503,False,48,0.0,8.897,True,False,,,,True,True,False,8ffd8e14b1e2243946109364b773f1f1
tite2-A_Vacancy-Anion-03,tite2-A,Vacancy-Anion-03,47,Ti16Te31,2,3000,0,1,True,True,-1.96899473,-14.52340527,6.26959473,False,47,0.0,5.708700000000001,True,False,,,,True,True,False,193986a192a2270f1f91fc0b713efcef
tite2-A_Vacancy-Metal,tite2-A,Vacancy-Metal,47,Ti15Te32,2,3000,0,1,True,True,-2.12277488,-14.45542512,7.10877488,False,47,0.0,7.651,True,True,False,0.0,0.0,False,,False,c9774237f3a01327c49ff87ef75292ff
tite2-B_Adatom-K,tite2-B,Adatom-K,49,K1Ti16Te32,2,3000,0,1,True,True,-1.47980343,-18.32499657,6.65530343,False,49,0.0,65.20240000000001,True,False,,,,True,True,False,fb8d2a73c9eecbf1808d24159f6e364d
tite2-B_Adatom-Li,tite2-B,Adatom-Li,49,Li1Ti16Te32,2,3000,0,1,True,True,-1.73100201,-14.622997989999998,5.6306020100000005,False,49,0.0,12.3143,True,False,,,,True,True,False,d226971d113813e5b983ab26c0f0a1e2
tite2-B_Adatom-Na,tite2-B,Adatom-Na,49,Na1Ti16Te32,2,3000,0,1,True,True,-1.58995021,-14.62084979,5.50935021,False,49,0.0,12.285599999999999,True,False,,,,True,True,False,17f0105ece65a8d45395640f609e9909
tite2-B_Anti-Anion,tite2-B,Anti-Anion,48,Ti15Te33,2,3000,0,1,True,True,-2.13660923,-15.222890770000001,6.31180923,False,48,0.0,10.190500000000002,True,False,,,,True,True,False,73f45d1ae699d6bfa92e40dbc394ff13
tite2-B_Anti-Metal,tite2-B,Anti-Metal,48,Ti17Te31,2,3000,0,1,True,True,-2.04138366,-14.433116339999998,6.30428366,False,48,0.0,9.247300000000001,True,True,False,8.431,1.773,False,,False,0a0873f3a8c55240f4e5f1fd6c8f2714
tite2-B_Cu_doped,tite2-B,Cu_doped,48,Ti15Cu1Te32,2,3000,0,1,True,True,-1.88006761,-14.712732390000001,6.37736761,False,48,0.0,19.025399999999998,True,True,False,0.9730000000000001,0.098,False,,False,498e4925ef8fd729e0d0f2b9ed8be724
tite2-B_Defect-Free,tite2-B,Defect-Free,48,Ti16Te32,2,3000,0,1,True,True,-2.6470692,-13.908030799999999,7.6699692,False,48,0.0,12.841800000000001,True,True,False,0.0,0.0,False,,False,faced57eda8244f513d12e592d49fdaa
tite2-B_Nb_doped,tite2-B,Nb_doped,48,Ti15Nb1Te32,2,3000,0,1,True,True,-2.36863038,-36.193969620000004,8.51183038,False,48,0.0,22.066499999999998,True,False,,,,True,True,False,19b96010b9deef1d52f444930cc4207e
tite2-B_V_doped,tite2-B,V_doped,48,Ti15V1Te32,2,3000,0,1,True,True,-2.61899267,-13.918007329999998,6.65379267,False,48,0.0,12.741,True,False,,,,True,True,False,66efdd91a663b03446a30139d871e9fe
tite2-B_Vacancy-Anion-03,tite2-B,Vacancy-Anion-03,47,Ti16Te31,2,3000,0,1,True,True,-2.38397761,-14.165422389999998,6.60457761,False,47,0.0,10.395900000000003,True,False,,,,True,True,False,3277501a37e3b78e7ea7ed11b39e8036
tite2-B_Vacancy-Anion-06A,tite2-B,Vacancy-Anion-06A,46,Ti16Te30,2,3000,0,1,True,True,-2.32179953,-12.53900047,5.81979953,False,46,0.0,10.857800000000001,True,True,False,0.8220000000000001,0.109,True,False,False,443f4678dfc2b291ecb97c07d731e1fb
tite2-B_Vacancy-Anion-06B,tite2-B,Vacancy-Anion-06B,46,Ti16Te30,2,3000,0,1,True,True,-2.234909,-12.618191,5.644609,False,46,0.0,11.2775,True,True,False,2.1980000000000004,0.341,True,False,False,1434885786c2c9d088bfc8cefac426be
tite2-B_Vacancy-Anion-09A,tite2-B,Vacancy-Anion-09A,45,Ti16Te29,2,3000,0,1,True,True,-2.44309563,-14.08740437,5.854495630000001,False,45,0.0,9.9485,True,False,,,,True,True,False,08a74376800db609899916c1c56c77b0
tite2-B_Vacancy-Anion-09B,tite2-B,Vacancy-Anion-09B,45,Ti16Te29,2,3000,0,1,True,True,-2.42379966,-14.100100340000001,5.81309966,False,45,0.0,10.2456,True,False,,,,True,True,False,f7e6651248c89635512eb2d2d215f1c0
tite2-B_Vacancy-Anion-12A,tite2-B,Vacancy-Anion-12A,44,Ti16Te28,2,3000,0,1,True,True,-2.54611433,-13.96638567,6.3268143299999995,False,44,0.0,10.0366,True,False,,,,True,True,False,c993d43413a8ada02b480a3612c2da9b
tite2-B_Vacancy-Anion-12B,tite2-B,Vacancy-Anion-12B,44,Ti16Te28,2,3000,0,1,True,True,-2.19689261,-12.654907390000002,5.93949261,False,44,0.0,9.0142,True,True,False,4.1930000000000005,1.1,False,,False,bdfef39dd90791ce286554a0b64a0553
tite2-B_Vacancy-Metal,tite2-B,Vacancy-Metal,47,Ti15Te32,2,3000,0,1,True,True,-2.58788414,-13.94121586,6.82858414,False,47,0.0,11.696000000000002,True,False,,,,True,True,False,3a3001ca7caf36ed256d18f14f1ea414
tite2-B_Zr_doped,tite2-B,Zr_doped,48,Zr1Ti15Te32,2,3000,0,1,True,True,-2.58500542,-55.60479458,9.18100542,False,48,0.0,43.300300000000014,True,True,False,0.0,0.0,False,,False,09046863d7f792ce4b040c6c7a49ddee
vo2_Defect-Free,vo2,Defect-Free,48,V16O32,2,3000,0,1,True,True,-5.8758483,-23.6881517,13.108948300000002,True,48,0.0,5.2737,True,True,False,20.592,1.125,True,True,False,6d3012b284208d3ee587b6a5852abe95
vo2_Vacancy-Anion-03,vo2,Vacancy-Anion-03,47,V16O31,2,3000,0,1,True,True,-5.55964173,-24.945758270000002,12.70294173,True,47,0.0,14.9778,True,True,False,13.847000000000003,0.632,True,True,False,9fa01ad474a828d5887d5d80f1f1b502
vo2_Vacancy-Metal,vo2,Vacancy-Metal,47,V15O32,2,3000,0,1,True,True,-6.23198969,-23.45101031,13.60668969,True,47,0.0,5.049899999999999,True,True,False,15.495999999999997,1.1,True,True,False,48d377babfc9645a25191d5ff859a37f
vs2_Adatom-Li,vs2,Adatom-Li,49,Li1V16S32,2,3000,0,1,True,True,-2.81246297,-17.33453703,9.06086297,False,49,0.0,3.9519,True,True,False,27.961000000000002,1.635,True,False,False,ad291842b4b97073dd6677f6f53addf5
vs2_Adatom-Na,vs2,Adatom-Na,49,Na1V16S32,2,3000,0,1,True,True,-2.60714692,-17.329953080000003,8.86274692,False,49,0.0,3.9548,True,True,False,28.057000000000002,1.592,True,False,False,19ca6f1f869060109c8198af90513002
vs2_Anti-2M,vs2,Anti-2M,47,V17S30,2,3000,0,1,True,True,-2.60764492,-15.34685508,7.6319449200000005,False,47,0.0,7.663,True,True,False,7.238999999999999,1.501,False,,False,c9daee3367e382aaf64471ae6dd298fa
vs2_Anti-Anion,vs2,Anti-Anion,48,V15S33,2,3000,0,1,True,True,-2.89684378,-20.67605622,9.21944378,False,48,0.0,8.654,True,True,False,17.686,1.601,True,False,False,6316372a96784b136f8d46271346f584
vs2_Anti-Metal,vs2,Anti-Metal,48,V17S31,2,3000,0,1,True,True,-3.25879849,-16.94110151,8.60669849,False,48,0.0,7.780299999999999,True,True,False,26.372,1.901,True,False,False,9582e6651486bd186569c2005d0df0e7
vs2_Defect-Free,vs2,Defect-Free,48,V16S32,2,3000,0,1,True,True,-2.68084869,-17.74845131,8.75924869,False,48,0.0,5.5667,True,True,False,26.655999999999995,1.34,True,True,False,55e3e51f145d91930c917faf6eb85223
vs2_Mo_adatom,vs2,Mo_adatom,49,V16Mo1S32,2,3000,0,1,True,True,-2.88580621,-17.214193790000003,8.794706210000001,False,49,0.0,5.8329,True,True,False,21.831,1.758,True,False,False,2b25ae97c2e1d66c0fd7fcdea07df8c4
vs2_Nb_adatom,vs2,Nb_adatom,49,Nb1V16S32,2,3000,0,1,True,True,-2.74677435,-63.22152565,10.82427435,True,49,0.0,24.652599999999996,True,True,False,21.796999999999997,1.775,True,False,False,1d30fd40da5d8b68ed282b145be637ee
vs2_V_adatom,vs2,V_adatom,49,V17S32,2,3000,0,1,True,True,-2.77235677,-17.28674323,8.68135677,False,49,0.0,8.425799999999999,True,True,False,22.741,1.574,False,,False,8e1a506c227d34f9bde5550925ed072a
vs2_Vacancy-Anion-03,vs2,Vacancy-Anion-03,47,V16S31,2,3000,0,1,True,True,-2.94957841,-17.365021589999998,9.056178410000001,False,47,0.0,10.4271,True,True,False,3.6239999999999997,0.134,True,True,False,ad9f157d616307638101c79ddd3f7120
vs2_Vacancy-Anion-06A,vs2,Vacancy-Anion-06A,46,V16S30,2,3000,0,1,True,True,-2.73524658,-15.357053420000002,7.89784658,False,46,0.0,6.3841,True,True,False,3.4620000000000006,0.679,False,,False,f1d20fb67a6a04f50190b74053b14ae2
vs2_Vacancy-Anion-06B,vs2,Vacancy-Anion-06B,46,V16S30,2,3000,0,1,True,True,-2.70877005,-15.39822995,7.87787005,False,46,0.0,8.847900000000001,True,True,False,4.913999999999999,0.578,True,False,False,e266e94b50a851dee2033b4a6cbcf3bd
vs2_Vacancy-Anion-09A,vs2,Vacancy-Anion-09A,45,V16S29,2,3000,0,1,True,True,-3.17450495,-17.08379505,8.431304950000001,False,45,0.0,8.753899999999998,True,True,False,15.911999999999999,0.928,True,True,False,6bcf75265cfa55c0f340dac7794063e0
vs2_Vacancy-Anion-09B,vs2,Vacancy-Anion-09B,45,V16S29,2,3000,0,1,True,True,-2.93698254,-17.32511746,8.56738254,False,45,0.0,6.7349000000000006,True,True,False,18.128000000000004,1.874,False,,False,ed43764538ee359f5ae70f1fcee3565c
vs2_Vacancy-Anion-12A,vs2,Vacancy-Anion-12A,44,V16S28,2,3000,0,1,True,True,-3.03043007,-17.220269929999997,8.45553007,False,44,0.0,3.835,True,True,False,1.96,0.069,True,True,False,b0a982ee5ab09cf11099fba2492024c1
vs2_Vacancy-Anion-12B,vs2,Vacancy-Anion-12B,44,V16S28,2,3000,0,1,True,True,-2.82249179,-15.225308209999998,7.54379179,False,44,0.0,6.0601,True,True,False,8.972000000000001,2.53,True,False,False,97a2a1f188657f39254d23dbca7cc004
vs2_Vacancy-Metal,vs2,Vacancy-Metal,47,V15S32,2,3000,0,1,True,True,-3.21647529,-17.266924709999998,8.80427529,False,47,0.0,3.8741000000000008,True,True,False,26.66499999999999,1.395,True,False,False,adceadd61c1d2c8c2669a2420aa45130
vse2-A_Adatom-Li,vse2-A,Adatom-Li,49,Li1V16Se32,2,3000,0,1,True,True,-2.7182795,-17.1444205,8.3216795,False,49,0.0,5.240799999999999,True,True,False,30.75,1.642,False,,False,7261aa90b19e8ab65b81dd0f4924aea5
vse2-A_Adatom-Na,vse2-A,Adatom-Na,49,Na1V16Se32,2,3000,0,1,True,True,-2.52251858,-17.15048142,8.01301858,False,49,0.0,6.3861,True,True,False,5.631000000000001,0.45,True,True,False,a7dd67e17966cbf458ce97b454000e94
vse2-A_Anti-2M,vse2-A,Anti-2M,47,V17Se30,2,3000,0,1,True,True,-3.2585296,-16.7307704,8.6104296,False,47,0.0,11.6371,True,True,False,3.5999999999999996,0.346,True,True,False,f2dc9de25810057062bc11d9cc07bb0e
vse2-A_Anti-Anion,vse2-A,Anti-Anion,48,V15Se33,2,3000,0,1,True,True,-3.22164907,-18.20525093,8.876849069999999,False,48,0.0,7.7935,True,True,False,5.731,0.219,True,True,False,1ce2b73cd860b045ceae0f72d7f0c26e
vse2-A_Anti-Metal,vse2-A,Anti-Metal,48,V17Se31,2,3000,0,1,True,True,-3.14708216,-16.82021784,8.363982159999999,False,48,0.0,10.849599999999999,True,True,False,32.485,2.815,True,True,False,790c2b36dec76f0bf5d4354515fea5b0
vse2-A_Defect-Free,vse2-A,Defect-Free,48,V16Se32,2,3000,0,1,True,True,-3.53182927,-16.55497073,8.64722927,False,48,0.0,5.3382000000000005,True,True,False,30.496000000000006,1.474,True,True,False,90fcd2b50f6ae235067dcb0fe4d7449e
vse2-A_Mo_adatom,vse2-A,Mo_adatom,49,V16Mo1Se32,2,3000,0,1,True,True,-2.7109252,-17.1699748,7.9117252,False,49,0.0,8.1068,True,False,,,,True,True,False,1560300d352ee43b2a81e191f140b348
vse2-A_Nb_adatom,vse2-A,Nb_adatom,49,Nb1V16Se32,2,3000,0,1,True,True,-2.44661415,-37.22268585,8.49021415,False,49,0.0,24.314999999999998,True,False,,,,True,True,False,12c9dc4055e5091e4e4daad06f3cc04a
vse2-A_V_adatom,vse2-A,V_adatom,49,V17Se32,2,3000,0,1,True,True,-2.7371633,-17.1836367,8.2163633,False,49,0.0,9.598700000000003,True,True,False,32.847,2.467,True,False,False,8b964fa293cae6764e1923517234232a
vse2-A_Vacancy-Anion-03,vse2-A,Vacancy-Anion-03,47,V16Se31,2,3000,0,1,True,True,-3.46806564,-16.59813436,8.15456564,False,47,0.0,6.0371999999999995,True,True,False,32.18300000000001,1.801,True,True,False,98915904458b3219a48f1cd43e62a594
vse2-A_Vacancy-Anion-06A,vse2-A,Vacancy-Anion-06A,46,V16Se30,2,3000,0,1,True,True,-2.7749477,-15.1137523,7.3832477,False,46,0.0,7.537700000000001,True,True,False,9.914,0.878,False,,False,97ab9ddb9911112ff51133378400ccdb
vse2-A_Vacancy-Anion-06B,vse2-A,Vacancy-Anion-06B,46,V16Se30,2,3000,0,1,True,True,-2.78693704,-15.114862960000002,7.380937040000001,False,46,0.0,7.4897,True,True,False,14.370999999999999,1.452,False,,False,bd75d76f1079e6de063b87b98ba0c3cb
vse2-A_Vacancy-Anion-09A,vse2-A,Vacancy-Anion-09A,45,V16Se29,2,3000,0,1,True,True,-3.32702026,-16.63717974,8.006320259999999,False,45,0.0,6.43,True,False,,,,True,True,False,45e4c181403af0b8354e50223315c79f
vse2-A_Vacancy-Anion-09B,vse2-A,Vacancy-Anion-09B,45,V16Se29,2,3000,0,1,True,True,-3.38462119,-16.63317881,8.496821189999999,False,45,0.0,12.5606,True,True,False,34.678,2.818,False,,False,e22c5ae8b8fb83c37e2c729424a26070
vse2-A_Vacancy-Anion-12A,vse2-A,Vacancy-Anion-12A,44,V16Se28,2,3000,0,1,True,True,-3.03152128,-16.90877872,7.88882128,False,44,0.0,4.3592,True,True,False,6.524,0.176,True,True,False,6187b7a1fdbded9e18468b47df2637ae
vse2-A_Vacancy-Anion-12B,vse2-A,Vacancy-Anion-12B,44,V16Se28,2,3000,0,1,True,True,-3.35026813,-16.61433187,7.66756813,False,44,0.0,5.4806,True,True,False,35.663000000000004,2.771,True,True,False,ad4143205c185b95533f536725868ccb
vse2-A_Vacancy-Metal,vse2-A,Vacancy-Metal,47,V15Se32,2,3000,0,1,True,True,-2.89173327,-18.32826673,7.90543327,False,47,0.0,4.831600000000001,True,True,False,21.701999999999998,1.675,True,False,False,42d3ca5314384aede1762b9388cd803a
vse2-B_Adatom-Li,vse2-B,Adatom-Li,49,Li1V16Se32,2,3000,0,1,True,True,-2.71393318,-17.04826682,8.23773318,False,49,0.0,4.3078,True,False,,,,True,True,False,7b6241ba3b835ec5b38da9fa2fb41293
vse2-B_Adatom-Na,vse2-B,Adatom-Na,49,Na1V16Se32,2,3000,0,1,True,True,-2.46602632,-17.10097368,8.190126320000001,False,49,0.0,5.4383,True,True,False,31.000999999999998,1.849,False,,False,dceec4a70775a9eaed7406851864e8ed
vse2-B_Anti-2M,vse2-B,Anti-2M,47,V17Se30,2,3000,0,1,True,True,-2.54677412,-15.178325880000001,7.112674119999999,False,47,0.0,11.230799999999999,True,True,False,7.130000000000001,1.004,True,False,False,b362445cf9a240eab060f8bf5b8d5ddf
vse2-B_Anti-Anion,vse2-B,Anti-Anion,48,V15Se33,2,3000,0,1,True,True,-2.86840481,-18.932195189999998,8.48580481,False,48,0.0,9.612,True,True,False,8.203,0.439,True,True,False,bcab29f58c275513cc8355a7bae9a8f6
vse2-B_Anti-Metal,vse2-B,Anti-Metal,48,V17Se31,2,3000,0,1,True,True,-2.93591201,-16.91438799,7.81291201,False,48,0.0,9.164200000000001,True,True,False,31.581000000000003,2.131,True,False,False,225dbdbd712fece0629aec30180f33ee
vse2-B_Defect-Free,vse2-B,Defect-Free,48,V16Se32,2,3000,0,1,True,True,-2.86389035,-17.16880965,8.708790350000001,False,48,0.0,3.9765,True,True,False,32.336,1.633,False,,False,65870145266715b2dbfd268ae8055f51
vse2-B_Int-Anion,vse2-B,Int-Anion,49,V17Se32,2,3000,0,1,True,True,-2.42528342,-15.40451658,7.46178342,False,49,0.0,6.7384,True,True,False,3.3820000000000006,0.528,False,,False,eef509afd6253fcc321c248aecb7efe0
vse2-B_Int-Metal,vse2-B,Int-Metal,49,V16Se33,2,3000,0,1,True,True,-2.42801736,-16.59078264,7.577217360000001,False,49,0.0,11.4419,True,True,False,2.7980000000000005,0.296,True,False,False,755fc00a5801f6173e31aa9b7551d71f
vse2-B_Mo_adatom,vse2-B,Mo_adatom,49,V16Mo1Se32,2,3000,0,1,True,True,-2.74440345,-17.00959655,8.06230345,False,49,0.0,7.7081,True,False,,,,True,True,False,f072fdf6050c7db4b6f0a35ebf2845ff
vse2-B_Nb_adatom,vse2-B,Nb_adatom,49,Nb1V16Se32,2,3000,0,1,True,True,-2.55355332,-63.16214668,10.06385332,True,49,0.0,24.025399999999998,True,True,False,27.027999999999995,1.763,True,False,False,ec81631b7540de40020fbe44740b3651
vse2-B_V_adatom,vse2-B,V_adatom,49,V17Se32,2,3000,0,1,True,True,-2.7255814,-17.0279186,8.0208814,False,49,0.0,8.133900000000002,True,False,,,,True,True,False,6fbf3ff1cb456507b51af3a94569267a
vse2-B_Vacancy-Anion-03,vse2-B,Vacancy-Anion-03,47,V15Se32,2,3000,0,1,True,True,-3.12267506,-16.86182494,8.18127506,False,47,0.0,6.549100000000001,True,True,False,24.169999999999998,1.583,False,,False,1e6e67f637b1e60bc7e2aede0e7d6bc1
vse2-B_Vacancy-Anion-06A,vse2-B,Vacancy-Anion-06A,46,V16Se30,2,3000,0,1,True,True,-2.53612282,-15.30447718,7.27172282,False,46,0.0,6.993299999999998,True,True,False,4.947999999999999,0.866,False,,False,ed0a6a6de8b47852b05ad171e0139c50
vse2-B_Vacancy-Anion-06B,vse2-B,Vacancy-Anion-06B,46,V16Se30,2,3000,0,1,True,True,-2.46569785,-15.393302150000002,7.16539785,False,46,0.0,6.8414,True,True,False,5.654999999999999,0.828,False,,False,c49fbcf5167e6bab3d90ed2e4e9fb7e8
vse2-B_Vacancy-Anion-09A,vse2-B,Vacancy-Anion-09A,45,V16Se29,2,3000,0,1,True,True,-2.72534896,-17.144951040000002,7.95164896,False,45,0.0,11.7641,True,True,False,17.476000000000003,1.882,False,,False,c535b15937fae8f491bf0d2c2b2b3c99
vse2-B_Vacancy-Anion-09B,vse2-B,Vacancy-Anion-09B,45,V16Se29,2,3000,0,1,True,True,-3.07586825,-16.973931750000002,7.90726825,False,45,0.0,6.591700000000001,True,False,,,,True,True,False,78d16c62237dedf25c8f58ac0cf2587d
vse2-B_Vacancy-Anion-12B,vse2-B,Vacancy-Anion-12B,44,V16Se28,2,3000,0,1,True,True,-2.60229832,-15.220601680000001,6.77019832,False,44,0.0,6.234800000000001,True,True,False,12.452,2.718,False,,False,8bb543e406deb0d7a95204f1880209ef
vse2-B_Vacancy-Metal,vse2-B,Vacancy-Metal,47,V16Se31,2,3000,0,1,True,True,-2.94141475,-16.99318525,8.518614750000001,False,47,0.0,4.652200000000001,True,False,,,,True,True,False,999c154b2a173cf76042b3ef6a6db5d0
vte2_Adatom-Li,vte2,Adatom-Li,49,Li1V16Te32,2,3000,0,1,True,True,-1.81145002,-14.798549979999999,7.35975002,False,49,0.0,5.1034,True,False,,,,True,True,False,950048dce1baec5fe46eb4baada62ffd
vte2_Adatom-Na,vte2,Adatom-Na,49,Na1V16Te32,2,3000,0,1,True,True,-1.65552312,-14.80677688,7.33992312,False,49,0.0,5.0881,True,True,False,35.36600000000001,2.138,True,False,False,932c989585ded665bdd129f53031c831
vte2_Anti-Anion,vte2,Anti-Anion,48,V15Te33,2,3000,0,1,True,True,-1.91829497,-15.97520503,7.7697949699999995,False,48,0.0,7.540500000000001,True,True,False,33.70299999999999,2.022,False,,False,d3c0aa9481fab5dc75e7c97988f4b1dc
vte2_Anti-Metal,vte2,Anti-Metal,48,V17Te31,2,3000,0,1,True,True,-1.93935576,-14.77734424,6.81305576,False,48,0.0,9.284900000000002,True,True,False,36.548,2.147,False,,False,32bdb5685cc80594b5bf6c9781b7be53
vte2_Defect-Free,vte2,Defect-Free,48,V16Te32,2,3000,0,1,True,True,-1.96420917,-14.867490830000001,7.63200917,False,48,0.0,4.9700999999999995,True,False,,,,True,True,False,971f08e5e6a943113f28ee34abdcf81c
vte2_Mo_adatom,vte2,Mo_adatom,49,V16Te32Mo1,2,3000,0,1,True,True,-1.88306113,-14.84123887,7.22036113,False,49,0.0,5.4885,True,False,,,,True,True,False,4c4130779b9d3ec4ff2e36f5ac02f247
vte2_Nb_adatom,vte2,Nb_adatom,49,Nb1V16Te32,2,3000,0,1,True,True,-1.88831089,-36.29858911,8.11671089,False,49,0.0,22.063999999999997,True,False,,,,True,True,False,3f6a67625fd3da9e50f67730cb7b1b73
vte2_V_adatom,vte2,V_adatom,49,V17Te32,2,3000,0,1,True,True,-1.27274188,-13.53535812,6.401741879999999,False,49,0.0,6.1609,True,True,False,23.944000000000003,2.705,False,,False,2df2e92b367abe9db70743e0b719dca2
vte2_Vacancy-Anion-03,vte2,Vacancy-Anion-03,47,V16Te31,2,3000,0,1,True,True,-1.96032414,-14.829975859999998,7.56172414,False,47,0.0,7.3579,True,False,,,,True,True,False,0116ea6f4791f5ca64426c0676ab480f
vte2_Vacancy-Anion-06A,vte2,Vacancy-Anion-06A,46,V16Te30,2,3000,0,1,True,True,-1.69675882,-13.27214118,6.43655882,False,46,0.0,7.208400000000001,True,True,False,22.578,1.662,True,False,False,9567659ce8c3ad5d402ce0fce396ea23
vte2_Vacancy-Anion-06B,vte2,Vacancy-Anion-06B,46,V16Te30,2,3000,0,1,True,True,-1.51760527,-13.48149473,6.29170527,False,46,0.0,5.2597,True,True,False,25.27,2.001,False,,False,c6264686e1830c3dc18fa16a938fdaed
vte2_Vacancy-Anion-09A,vte2,Vacancy-Anion-09A,45,V16Te29,2,3000,0,1,True,True,-2.13965735,-14.675242650000001,7.41095735,False,45,0.0,6.55,True,True,False,37.629,2.307,False,,False,ef328546c8904ae41de6810641e5c205
vte2_Vacancy-Anion-09B,vte2,Vacancy-Anion-09B,45,V16Te29,2,3000,0,1,True,True,-1.97365453,-14.91254547,7.28655453,False,45,0.0,5.903899999999999,True,True,False,39.528,2.267,False,,False,849019fbe27d5f5e22636ba5fadf3745
vte2_Vacancy-Anion-12B,vte2,Vacancy-Anion-12B,44,V16Te28,2,3000,0,1,True,True,-1.69649913,-13.339000870000001,5.929999130000001,False,44,0.0,6.7155,True,True,False,28.645999999999997,2.599,False,,False,e9e4059163aed137e1a022ecbdffe712
vte2_Vacancy-Metal,vte2,Vacancy-Metal,47,V15Te32,2,3000,0,1,True,True,-1.72931862,-15.149481379999997,6.93421862,False,47,0.0,3.2387000000000006,True,True,False,34.689000000000014,1.873,True,False,False,83ef27d28d38047680e482a35d39d321
ws2-A_Anti-Anion,ws2-A,Anti-Anion,48,W15S33,2,3000,0,1,True,True,-0.1172655,-20.273934500000003,10.9063655,True,48,0.0,8.4586,True,True,False,0.0,0.0,True,True,False,63149cc1f283bb4976d2ac4f2888ffa8
ws2-A_Anti-Metal,ws2-A,Anti-Metal,48,W17S31,2,3000,0,1,True,True,0.15367876,-18.526078759999997,10.45652124,True,48,0.0,10.7401,True,True,False,2.861,1.858,True,True,False,c17d79e190a9e5c02647882bc7752424
ws2-A_Cr_doped,ws2-A,Cr_doped,48,Cr1W15S32,2,3000,0,1,True,True,-0.72662783,-17.785172170000003,10.18432783,True,48,0.0,15.6346,True,True,False,0.016,0.01,False,,False,bf4c5858e4fa6177618e09767ce997e0
ws2-A_Defect-Free,ws2-A,Defect-Free,48,W16S32,2,3000,0,1,True,True,-0.67722451,-17.81857549,10.21812451,True,48,0.0,3.9949999999999997,True,True,False,0.0,0.0,False,,False,5e4c67c12a57850a63bd7d8b63a5b121
ws2-A_Doped-O,ws2-A,Doped-O,48,W16S31O1,2,3000,0,1,True,True,-0.69681475,-22.87618525,11.52991475,True,48,0.0,16.906000000000002,True,True,False,0.0,0.0,True,True,False,dca66b9e36cc9acb6c91a3f195f408e6
ws2-A_Mo_doped,ws2-A,Mo_doped,48,Mo1W15S32,2,3000,0,1,True,True,-0.70024587,-17.83355413,11.36014587,True,48,0.0,3.9720000000000004,True,True,False,0.0,0.0,True,True,False,f2a3a623e30d62110193536fa002345c
ws2-A_Re_doped,ws2-A,Re_doped,48,Re1W15S32,2,3000,0,1,True,True,1.33725681,-19.85495681,8.099143190000001,False,48,0.0,7.3420000000000005,True,True,False,0.003,0.003,False,,False,71e0752c0c487797a20600e721c654c1
ws2-A_Vacancy-Anion-03,ws2-A,Vacancy-Anion-03,47,W16S31,2,3000,0,1,True,True,-0.710486,-17.811214,9.879686,False,47,0.0,6.333399999999999,True,True,False,0.0,0.0,True,True,False,8055bc36d995231594ceba9a92059505
ws2-A_Vacancy-Anion-06A,ws2-A,Vacancy-Anion-06A,46,W16S30,2,3000,0,1,True,True,-0.70878328,-17.859116720000003,9.92068328,False,46,0.0,5.6598,True,True,False,0.0,0.0,True,True,False,355204f1db3df33e77d424706e70c80e
ws2-A_Vacancy-Anion-06B,ws2-A,Vacancy-Anion-06B,46,W16S30,2,3000,0,1,True,True,-0.69870626,-17.872093739999997,9.87030626,False,46,0.0,4.961799999999998,True,True,False,0.0,0.0,True,True,False,676902d338790740922a917446932232
ws2-A_Vacancy-Metal,ws2-A,Vacancy-Metal,47,W15S32,2,3000,0,1,True,True,-0.67835063,-17.97364937,10.336750630000001,True,47,0.0,4.723000000000001,True,True,False,0.0,0.0,False,,False,ccf5fa9ef93fed04bde87ca8a138785b
ws2-B_Anti-Anion,ws2-B,Anti-Anion,48,W15S33,2,3000,0,1,True,True,-1.91333806,-20.61886194,10.53293806,True,48,0.0,8.8898,True,True,False,0.0,0.0,True,True,False,1331c6230ea4d70f673bff269f6eb027
ws2-B_Anti-Metal,ws2-B,Anti-Metal,48,W17S31,2,3000,0,1,True,True,-1.56392461,-18.11537539,9.906524609999998,False,48,0.0,10.5788,True,True,False,0.0,0.0,True,True,False,c02af9b2ffd0752807afc38f611825e4
ws2-B_Cr_doped,ws2-B,Cr_doped,48,Cr1W15S32,2,3000,0,1,True,True,-2.12406681,-17.78673319,9.96396681,False,48,0.0,6.791200000000001,True,False,,,,True,True,False,deffb85ac038342be2efc0f16b05eb7d
ws2-B_Defect-Free,ws2-B,Defect-Free,48,W16S32,2,3000,0,1,True,True,-2.97197213,-17.79772787,9.92977213,False,48,0.0,3.9860000000000007,True,True,False,0.0,0.0,False,,False,a0ea5b0194301e1fe00a7e00d505095d
ws2-B_Doped-O,ws2-B,Doped-O,48,W16S31O1,2,3000,0,1,True,True,-0.69224173,-22.82925827,10.40614173,True,48,0.0,16.9131,True,True,False,0.0,0.0,False,,False,9d099a6d6a726b06ba8d074dd194db74
ws2-B_Mo_doped,ws2-B,Mo_doped,48,Mo1W15S32,2,3000,0,1,True,True,-1.6125691,-18.238630899999997,10.0846691,True,48,0.0,10.3291,True,True,False,0.003,0.001,True,True,False,ef83a6c1535d101a936d52e006aa3dad
ws2-B_O_doped,ws2-B,O_doped,48,W16S31O1,2,3000,0,1,True,True,-1.39946095,-23.590339049999997,9.38806095,False,48,0.0,16.5823,True,True,False,1.8449999999999998,1.146,True,True,False,1e2307d4acb1b0acf7f1660230d8dd9c
ws2-B_Re_doped,ws2-B,Re_doped,48,Re1W15S32,2,3000,0,1,True,True,-1.62109574,-18.266504259999998,9.51489574,False,48,0.0,8.1495,True,True,False,9.943,2.033,True,True,False,de384d510d1bfa8d40c4c71bb6151d49
ws2-B_V48_V44,ws2-B,V48_V44,46,W16S30,2,3000,0,1,True,True,-2.30125402,-17.47924598,9.56565402,False,46,0.0,3.7990000000000004,True,True,False,0.0,0.0,True,True,False,5bed9e35eccea79874d395a4feba167c
ws2-B_Vacancy-Anion,ws2-B,Vacancy-Anion,47,W16S31,2,3000,0,1,True,True,-1.84908057,-17.977819429999997,9.10578057,False,47,0.0,7.5299,True,True,False,1.5399999999999994,0.182,True,True,False,94aca92c035d2f663ef9909ab96a655f
ws2-B_Vacancy-Anion-03,ws2-B,Vacancy-Anion-03,47,W16S31,2,3000,0,1,True,True,-2.94802752,-17.82377248,9.94432752,False,47,0.0,6.341600000000001,True,True,False,0.0,0.0,False,,False,c4acc204601f44137dd10a987f197394
ws2-B_Vacancy-Anion-06A,ws2-B,Vacancy-Anion-06A,46,W16S30,2,3000,0,1,True,True,-2.50847346,-16.060626539999998,8.70327346,False,46,0.0,6.3144,True,True,False,0.0,0.0,False,,False,86fdce961422f9a0f68fa91344146fcd
ws2-B_Vacancy-Anion-06B,ws2-B,Vacancy-Anion-06B,46,W16S30,2,3000,0,1,True,True,-2.51532226,-16.047877739999997,8.65832226,False,46,0.0,5.201499999999999,True,True,False,0.0,0.0,False,,False,5b8a267fb9a52f922fd820427befbf0f
ws2-B_Vacancy-Metal,ws2-B,Vacancy-Metal,47,W15S32,2,3000,0,1,True,True,-1.92232558,-17.96997442,9.223225580000001,False,47,0.0,5.981600000000002,True,True,False,0.0,0.0,True,True,False,f0a1c01ff80fcc250686ebda1e8a307f
ws2-c_Anti-Anion,ws2-c,Anti-Anion,48,W15S33,2,3000,0,1,True,True,-1.91832606,-20.523773939999998,9.21562606,False,48,0.0,8.8792,True,True,False,0.0,0.0,True,True,False,b1843f561ca827bec6d3c873b50d5ebf
ws2-c_Anti-Metal,ws2-c,Anti-Metal,48,W17S31,2,3000,0,1,True,True,-1.60863253,-18.007867469999997,8.50823253,False,48,0.0,9.842100000000002,True,True,False,0.7310000000000001,0.169,True,True,False,081249b8435df599ab11b51ef7827f82
ws2-c_Cr_doped,ws2-c,Cr_doped,48,Cr1W15S32,2,3000,0,1,True,True,-1.99060839,-17.87979161,9.02750839,False,48,0.0,7.4556000000000004,True,True,False,3.4939999999999998,2.962,True,True,False,9cfe90a0b27c4e0a4e2e1712139334ea
ws2-c_Defect-Free,ws2-c,Defect-Free,48,W16S32,2,3000,0,1,True,True,-1.13803806,-18.64746194,8.10013806,False,48,0.0,3.2184000000000004,True,True,False,0.416,0.026,True,True,False,2ab285c889312a07acd9f94f468fedcd
ws2-c_Mo_doped,ws2-c,Mo_doped,48,Mo1W15S32,2,3000,0,1,True,True,-1.68500034,-18.110199660000003,8.783800339999999,False,48,0.0,9.691399999999998,True,True,False,0.98,0.187,True,True,False,c4ea491b4368b2a41361afc7a6ef9515
ws2-c_O_doped,ws2-c,O_doped,48,W16S31O1,2,3000,0,1,True,True,-1.39858002,-23.550219979999998,8.65388002,False,48,0.0,16.805,True,True,False,1.9019999999999997,1.134,True,True,False,92be4c7032724349a2016f5ba9c5b58f
ws2-c_Re_doped,ws2-c,Re_doped,48,Re1W15S32,2,3000,0,1,True,True,-1.63393441,-18.22026559,8.74903441,False,48,0.0,6.683999999999999,True,True,False,1.449,0.179,True,True,False,b044d998881551cb5372289c966524ce
ws2-c_V48_V38,ws2-c,V48_V38,46,W16S30,2,3000,0,1,True,True,-1.93713978,-17.93096022,9.35193978,False,46,0.0,9.9215,True,True,False,2.592,0.396,True,True,False,9e2d8218af103eea16b81087f0039153
ws2-c_V48_V44,ws2-c,V48_V44,46,W16S30,2,3000,0,1,True,True,-2.19512846,-17.58407154,9.58042846,False,46,0.0,4.560700000000001,True,True,False,1.5379999999999998,0.266,True,True,False,f7afb7a3e9da1c1d7b939fdaf2cafb28
ws2-c_Vacancy-Anion,ws2-c,Vacancy-Anion,47,W16S31,2,3000,0,1,True,True,-1.79454711,-18.03375289,9.11494711,False,47,0.0,7.990899999999998,True,True,False,0.862,0.192,True,True,False,83bd636a305c4aaa69491f5d3c788423
ws2-c_Vacancy-Metal,ws2-c,Vacancy-Metal,47,W15S32,2,3000,0,1,True,True,-1.98203379,-17.92186621,9.47623379,False,47,0.0,4.758600000000001,True,True,False,0.048,0.004,True,True,False,41b3fc9a96ab8c8e8f6817b1247ed8a9
wse2_Anti-Anion,wse2,Anti-Anion,48,W15Se33,2,3000,0,1,True,True,-2.27975594,-19.373044059999998,9.47545594,False,48,0.0,9.5202,True,True,False,0.0,0.0,True,True,False,3f0adb47ce835d70e389faaea6b2ece2
wse2_Anti-Metal,wse2,Anti-Metal,48,W17Se31,2,3000,0,1,True,True,-1.94780247,-18.04029753,8.40800247,False,48,0.0,12.1061,True,True,False,0.9100000000000001,0.167,True,True,False,8f3677e2c0edf6b475c21aa6deeb06ee
wse2_Cr_doped,wse2,Cr_doped,48,Cr1W15Se32,2,3000,0,1,True,True,-2.45647837,-17.73442163,8.87217837,False,48,0.0,6.2021,True,True,False,4.5600000000000005,3.068,True,True,False,4130df58f0ddf0e454e426daaa037415
wse2_Defect-Free,wse2,Defect-Free,48,W16Se32,2,3000,0,1,True,True,-1.63590105,-18.50379895,8.72240105,False,48,0.0,3.5644000000000005,True,True,False,0.0,0.0,True,True,False,19b4bc5fe18834ff5a001117f5dcab8c
wse2_Doped-O,wse2,Doped-O,48,W16Se31O1,2,3000,0,1,True,True,-2.16607018,-22.03932982,8.64577018,False,48,0.0,16.8476,True,True,False,0.0,0.0,False,,False,e035c7b4af003c9a058be3d0bb12d25c
wse2_Mo_doped,wse2,Mo_doped,48,Mo1W15Se32,2,3000,0,1,True,True,-1.90973584,-18.21856416,8.23903584,False,48,0.0,8.4147,True,True,False,0.0,0.0,False,,False,35041cfbdd71176451d09db637dbc34d
wse2_Re_doped,wse2,Re_doped,48,Re1W15Se32,2,3000,0,1,True,True,-2.3827026,-17.771097400000002,8.5403026,False,48,0.0,7.6716999999999995,True,True,False,3.0420000000000003,2.271,False,,False,c0d9791d4fb91e0c9cf7416e346217f3
wse2_Vacancy-Anion-03,wse2,Vacancy-Anion-03,47,W16Se31,2,3000,0,1,True,True,-2.20392373,-17.917276270000002,8.14512373,False,47,0.0,9.0924,True,True,False,0.0,0.0,True,True,False,59b40868a383c76ffef6260b20e856c0
wse2_Vacancy-Anion-06A,wse2,Vacancy-Anion-06A,46,W16Se30,2,3000,0,1,True,True,-2.07130258,-16.044897419999998,7.745302580000001,False,46,0.0,9.132199999999997,True,True,False,0.262,0.041,False,,False,53657568414373792ffbe0117a936893
wse2_Vacancy-Anion-06B,wse2,Vacancy-Anion-06B,46,W16Se30,2,3000,0,1,True,True,-2.34241608,-17.73978392,8.32351608,False,46,0.0,8.4604,True,True,False,0.001,0.001,True,True,False,37d323acf3fc0d9590fe5aa38fef5a3d
wse2_Vacancy-Metal,wse2,Vacancy-Metal,47,W15Se32,2,3000,0,1,True,True,-2.48080093,-17.72379907,8.60150093,False,47,0.0,5.5539,True,True,False,2.8959999999999995,0.245,True,True,False,e92abcfd362238d8c30294786b83c0f1
wte2_Anti-Anion,wte2,Anti-Anion,48,Te33W15,2,3000,0,1,True,True,-1.0019842,-16.5028158,7.6291842,False,48,0.0,5.7454,True,False,,,,True,True,False,bf41a6ed0f7b62126a3fb40e01dd496a
wte2_Anti-Metal,wte2,Anti-Metal,48,Te31W17,2,3000,0,1,True,True,-0.518318,-16.429081999999998,7.350118,False,48,0.0,5.1225000000000005,True,True,False,0.0,0.0,True,True,False,0f89e0730cb94ab606722b9203ec8c23
wte2_Cr_doped,wte2,Cr_doped,48,Cr1Te32W15,2,3000,0,1,True,True,-1.31681082,-15.659389179999998,7.33891082,False,48,0.0,6.1563,True,True,False,6.115,2.952,False,,False,40e2ea9faf596e97c2d23474a6ea7b56
wte2_Defect-Free,wte2,Defect-Free,48,Te32W16,2,3000,0,1,True,True,-1.38143796,-15.61756204,8.29113796,False,48,0.0,5.345600000000001,True,True,False,0.0,0.0,True,True,False,ac724b0c303a7a69e1acdb0517d1393b
wte2_Doped-O,wte2,Doped-O,48,Te31W16O1,2,3000,0,1,True,True,-1.4670059,-23.2121941,8.6913059,False,48,0.0,17.1002,True,True,False,0.0,0.0,True,True,False,9421052bde7f0d217f4096744b199f1d
wte2_Mo_doped,wte2,Mo_doped,48,Te32Mo1W15,2,3000,0,1,True,True,-1.39195199,-15.595748010000001,8.34065199,False,48,0.0,5.279599999999999,True,True,False,0.0,0.0,True,True,False,6b1cd1f9aba62c40b9eefafd89f15743
wte2_Re_doped,wte2,Re_doped,48,Re1Te32W15,2,3000,0,1,True,True,-0.26853453,-16.71336547,6.5134345300000005,False,48,0.0,4.788,True,True,False,1.4680000000000002,0.542,False,,False,c5d8fa367a55169290e38a9e9b87e974
wte2_Vacancy-Anion-03,wte2,Vacancy-Anion-03,47,Te31W16,2,3000,0,1,True,True,-1.44194553,-15.534154469999999,7.29134553,False,47,0.0,5.575399999999999,True,True,False,0.0,0.0,True,True,False,7603370e2551566a69e2e24174da6dda
wte2_Vacancy-Anion-06A,wte2,Vacancy-Anion-06A,46,Te30W16,2,3000,0,1,True,True,-1.46535022,-15.55474978,7.39105022,False,46,0.0,4.3542,True,True,False,0.0,0.0,True,True,False,d5d80e5682de1b965e7c6825968e3f05
wte2_Vacancy-Anion-06B,wte2,Vacancy-Anion-06B,46,Te30W16,2,3000,0,1,True,True,-1.55958698,-15.45271302,7.56898698,False,46,0.0,5.1858,True,True,False,0.0,0.0,True,True,False,caf7bcbd857a4b7866b85203b43fe749
wte2_Vacancy-Metal,wte2,Vacancy-Metal,47,Te32W15,2,3000,0,1,True,True,-1.11568492,-15.888315080000002,7.078584920000001,False,47,0.0,4.696999999999999,True,True,False,0.0,0.0,True,True,False,4f42e92ba5a801f75b7da9af61c673db
zro2_Defect-Free,zro2,Defect-Free,48,Zr16O32,2,3000,0,1,True,True,-6.46308193,-54.48151807,14.839581930000001,True,48,0.0,13.971399999999997,True,True,False,0.0,0.0,True,True,False,17614181de767a1977b13643c7754e48
zro2_Vacancy-Anion-03,zro2,Vacancy-Anion-03,47,Zr16O31,2,3000,0,1,True,True,-2.53288982,-57.41021018,10.91238982,True,47,0.0,21.460099999999997,True,True,False,0.0,0.0,True,True,False,a729fbe5ad8c00eddf3fdc3b38b04d7f
zro2_Vacancy-Metal,zro2,Vacancy-Metal,47,Zr15O32,2,3000,0,1,True,True,-6.33287379,-54.50632621,14.718273790000001,True,47,0.0,17.655099999999997,True,True,False,4.379999999999998,0.478,True,True,False,b0024ceea6e5dcd268e19265ca8c5f28
zrs2_Cr_doped,zrs2,Cr_doped,48,Zr15Cr1S32,2,3000,0,1,True,True,-4.30743151,-55.30396849,12.12773151,True,48,0.0,31.620600000000003,True,True,False,3.783,2.815,True,True,False,911e8581ad32d0f915413c6bacda9411
zrs2_Cu_doped,zrs2,Cu_doped,48,Zr15Cu1S32,2,3000,0,1,True,True,-3.73191149,-55.81428851,11.76781149,True,48,0.0,31.953000000000003,True,True,False,0.847,0.163,True,True,False,3b30983c3b9c38ba491226b54e92f8fd
zrs2_Defect-Free,zrs2,Defect-Free,48,Zr16S32,2,3000,0,1,True,True,-4.34718171,-55.186318289999996,12.28348171,True,48,0.0,30.172399999999996,True,True,False,0.0,0.0,True,True,False,cdd9230703fd9b875490440f62ac652a
zrs2_Ni_doped,zrs2,Ni_doped,48,Zr15Ni1S32,2,3000,0,1,True,True,-4.2440229,-55.3310771,12.2331229,True,48,0.0,33.49690000000001,True,True,False,0.0,0.0,True,True,False,05cbac84e6d2683f8ff1ed33c9049240
zrs2_Vacancy-Anion-03,zrs2,Vacancy-Anion-03,47,Zr16S31,2,3000,0,1,True,True,-3.13985611,-56.43024389,10.98515611,True,47,0.0,30.171799999999998,True,True,False,1.4269999999999998,0.162,True,True,False,89e1577e9a4a99823d9163082771f886
zrs2_Vacancy-Metal,zrs2,Vacancy-Metal,47,Zr15S32,2,3000,0,1,True,True,-3.0128373,-56.299362699999996,11.040237300000001,True,47,0.0,26.7973,True,True,False,1.4239999999999997,0.116,True,True,False,1a4d8754776953a0600246d01f30f4a5
zrse2_Defect-Free,zrse2,Defect-Free,48,Zr16Se32,2,3000,0,1,True,True,-3.31219278,-56.295207219999995,10.700492780000001,True,48,0.0,37.344000000000015,True,True,False,0.0,0.0,True,True,False,3291e1240286b5e31f26ceebb97a6c32
zrse2_Vacancy-Anion-03,zrse2,Vacancy-Anion-03,47,Zr16Se31,2,3000,0,1,True,True,-2.27781179,-57.24898821,9.60591179,False,47,0.0,49.33540000000001,True,True,False,0.01,0.001,True,True,False,e53b9c949e354827abb53bcebd7310ef
zrse2_Vacancy-Metal,zrse2,Vacancy-Metal,47,Zr15Se32,2,3000,0,1,True,True,-3.7577594,-55.893840600000004,11.2005594,True,47,0.0,39.130500000000005,True,True,False,2.484,0.319,True,True,False,61f3662ffd88766a725ad1f5e7dec613
zrte2_Cr_doped,zrte2,Cr_doped,48,Zr15Cr1Te32,2,3000,0,1,True,True,-2.68059633,-55.72360367,10.15759633,True,48,0.0,31.4085,True,True,False,4.604,3.648,True,True,False,fb18c702bb97ec6eb47cf6972658f687
zrte2_Cu_doped,zrte2,Cu_doped,48,Zr15Cu1Te32,2,3000,0,1,True,True,-1.76646496,-56.52063504,9.35556496,False,48,0.0,34.5688,True,True,False,0.786,0.055,True,True,False,1aa577723decfbae10fca51f917c7b31
zrte2_Defect-Free,zrte2,Defect-Free,48,Zr16Te32,2,3000,0,1,True,True,-2.56603555,-55.74906445,10.12613555,True,48,0.0,27.8816,True,True,False,0.0,0.0,True,True,False,a0172d25219e441fc813e0bf12509c71
zrte2_Ni_doped,zrte2,Ni_doped,48,Zr15Ni1Te32,2,3000,0,1,True,True,-2.58770575,-55.79049425,10.15970575,True,48,0.0,32.218,True,True,False,0.0,0.0,True,True,False,daa83953e3fa233c6bfd9fb20efdd45c
zrte2_Vacancy-Anion-03,zrte2,Vacancy-Anion-03,47,Zr16Te31,2,3000,0,1,True,True,-2.06205156,-56.46604844,9.52335156,False,47,0.0,30.7744,True,True,False,1.6199999999999997,0.165,True,True,False,8659fe99e3e9eea8424738651146ddf4
zrte2_Vacancy-Anion-09A,zrte2,Vacancy-Anion-09A,45,Zr16Te29,2,3000,0,1,True,True,-2.11959158,-56.32820842,9.48589158,False,45,0.0,38.18890000000001,True,True,False,0.003,0.001,True,True,False,b8b925dded2670a6fc03a2ec7b36ac29
zrte2_Vacancy-Anion-09B,zrte2,Vacancy-Anion-09B,45,Zr16Te29,2,3000,0,1,True,True,-2.02887153,-57.10812847,9.37557153,False,45,0.0,36.281400000000005,True,True,False,1.8239999999999998,0.652,True,True,False,c2291102f2b48090f2c52e26de02e032
zrte2_Vacancy-Metal,zrte2,Vacancy-Metal,47,Zr15Te32,2,3000,0,1,True,True,-1.86562515,-56.31017485,9.58832515,False,47,0.0,31.494,True,True,False,1.5929999999999995,0.118,True,True,False,dcfaec171eb76a5aba908bfed82da451
